queue_length,count,lambda,d,n
0,4750191,0.5,1,10
1,2772880,0.5,1,10
2,1357000,0.5,1,10
3,624746,0.5,1,10
4,275879,0.5,1,10
5,121287,0.5,1,10
6,53940,0.5,1,10
7,24621,0.5,1,10
8,11164,0.5,1,10
9,5261,0.5,1,10
10,2505,0.5,1,10
11,1326,0.5,1,10
12,584,0.5,1,10
13,227,0.5,1,10
14,96,0.5,1,10
15,14,0.5,1,10
16,8,0.5,1,10
17,1,0.5,1,10
0,4649496,0.5,2,10
1,3931567,0.5,2,10
2,1292981,0.5,2,10
3,132674,0.5,2,10
4,4382,0.5,2,10
5,40,0.5,2,10
0,4575943,0.5,5,10
1,5050260,0.5,5,10
2,381563,0.5,5,10
3,1024,0.5,5,10
0,4540912,0.5,10,10
1,5320649,0.5,10,10
2,160085,0.5,10,10
3,254,0.5,10,10
0,3997926,0.7,1,10
1,3301525,0.7,1,10
2,2317941,0.7,1,10
3,1523615,0.7,1,10
4,971000,0.7,1,10
5,623159,0.7,1,10
6,406827,0.7,1,10
7,268412,0.7,1,10
8,181367,0.7,1,10
9,122569,0.7,1,10
10,85761,0.7,1,10
11,58499,0.7,1,10
12,40729,0.7,1,10
13,28992,0.7,1,10
14,20485,0.7,1,10
15,13811,0.7,1,10
16,9780,0.7,1,10
17,7350,0.7,1,10
18,4894,0.7,1,10
19,3439,0.7,1,10
20,2941,0.7,1,10
21,1725,0.7,1,10
22,1157,0.7,1,10
23,858,0.7,1,10
24,473,0.7,1,10
25,580,0.7,1,10
26,427,0.7,1,10
27,286,0.7,1,10
28,170,0.7,1,10
29,56,0.7,1,10
30,6,0.7,1,10
0,3875231,0.7,2,10
1,5165219,0.7,2,10
2,3626129,0.7,2,10
3,1177784,0.7,2,10
4,163487,0.7,2,10
5,10194,0.7,2,10
6,367,0.7,2,10
7,19,0.7,2,10
0,3798272,0.7,5,10
1,7570558,0.7,5,10
2,2481360,0.7,5,10
3,139616,0.7,5,10
4,3518,0.7,5,10
5,66,0.7,5,10
0,3724391,0.7,10,10
1,8580978,0.7,10,10
2,1657312,0.7,10,10
3,57963,0.7,10,10
4,686,0.7,10,10
0,1722661,0.9,1,10
1,1892977,0.9,1,10
2,1770684,0.9,1,10
3,1529134,0.9,1,10
4,1277646,0.9,1,10
5,1083439,0.9,1,10
6,934813,0.9,1,10
7,818420,0.9,1,10
8,718968,0.9,1,10
9,631120,0.9,1,10
10,561985,0.9,1,10
11,501907,0.9,1,10
12,446434,0.9,1,10
13,401671,0.9,1,10
14,363136,0.9,1,10
15,330007,0.9,1,10
16,297866,0.9,1,10
17,269791,0.9,1,10
18,246768,0.9,1,10
19,223049,0.9,1,10
20,193579,0.9,1,10
21,169685,0.9,1,10
22,151053,0.9,1,10
23,136166,0.9,1,10
24,127206,0.9,1,10
25,114143,0.9,1,10
26,103623,0.9,1,10
27,97862,0.9,1,10
28,88820,0.9,1,10
29,84593,0.9,1,10
30,71938,0.9,1,10
31,64092,0.9,1,10
32,57192,0.9,1,10
33,52791,0.9,1,10
34,47720,0.9,1,10
35,41816,0.9,1,10
36,37061,0.9,1,10
37,34712,0.9,1,10
38,30238,0.9,1,10
39,28559,0.9,1,10
40,28210,0.9,1,10
41,24719,0.9,1,10
42,21599,0.9,1,10
43,19567,0.9,1,10
44,18251,0.9,1,10
45,15813,0.9,1,10
46,14014,0.9,1,10
47,10597,0.9,1,10
48,8528,0.9,1,10
49,7619,0.9,1,10
50,6804,0.9,1,10
51,6524,0.9,1,10
52,6257,0.9,1,10
53,5102,0.9,1,10
54,4695,0.9,1,10
55,3979,0.9,1,10
56,4213,0.9,1,10
57,4236,0.9,1,10
58,3791,0.9,1,10
59,3862,0.9,1,10
60,3752,0.9,1,10
61,3373,0.9,1,10
62,3177,0.9,1,10
63,2832,0.9,1,10
64,2505,0.9,1,10
65,2683,0.9,1,10
66,1900,0.9,1,10
67,1617,0.9,1,10
68,1365,0.9,1,10
69,1173,0.9,1,10
70,1130,0.9,1,10
71,826,0.9,1,10
72,564,0.9,1,10
73,438,0.9,1,10
74,622,0.9,1,10
75,684,0.9,1,10
76,566,0.9,1,10
77,330,0.9,1,10
78,319,0.9,1,10
79,371,0.9,1,10
80,543,0.9,1,10
81,663,0.9,1,10
82,494,0.9,1,10
83,510,0.9,1,10
84,617,0.9,1,10
85,414,0.9,1,10
86,390,0.9,1,10
87,392,0.9,1,10
88,245,0.9,1,10
89,353,0.9,1,10
90,221,0.9,1,10
91,118,0.9,1,10
92,66,0.9,1,10
93,12,0.9,1,10
0,1623304,0.9,2,10
1,3372587,0.9,2,10
2,4639846,0.9,2,10
3,4203629,0.9,2,10
4,2514864,0.9,2,10
5,1082753,0.9,2,10
6,389268,0.9,2,10
7,132368,0.9,2,10
8,47576,0.9,2,10
9,17631,0.9,2,10
10,8083,0.9,2,10
11,2710,0.9,2,10
12,310,0.9,2,10
13,11,0.9,2,10
0,1636031,0.9,5,10
1,5648954,0.9,5,10
2,6661957,0.9,5,10
3,3051068,0.9,5,10
4,766264,0.9,5,10
5,159265,0.9,5,10
6,42572,0.9,5,10
7,15666,0.9,5,10
8,7364,0.9,5,10
9,2832,0.9,5,10
10,736,0.9,5,10
11,91,0.9,5,10
0,1566744,0.9,10,10
1,6902872,0.9,10,10
2,6394832,0.9,10,10
3,2373090,0.9,10,10
4,567545,0.9,10,10
5,132526,0.9,10,10
6,45303,0.9,10,10
7,23270,0.9,10,10
8,5391,0.9,10,10
9,47,0.9,10,10
0,911509,0.95,1,10
1,1068098,0.95,1,10
2,1059262,0.95,1,10
3,976276,0.95,1,10
4,871438,0.95,1,10
5,779421,0.95,1,10
6,720411,0.95,1,10
7,675524,0.95,1,10
8,629992,0.95,1,10
9,591350,0.95,1,10
10,557538,0.95,1,10
11,528796,0.95,1,10
12,493864,0.95,1,10
13,465106,0.95,1,10
14,433773,0.95,1,10
15,413645,0.95,1,10
16,391434,0.95,1,10
17,374470,0.95,1,10
18,355926,0.95,1,10
19,335967,0.95,1,10
20,316117,0.95,1,10
21,303505,0.95,1,10
22,293876,0.95,1,10
23,275804,0.95,1,10
24,261519,0.95,1,10
25,246276,0.95,1,10
26,232758,0.95,1,10
27,219545,0.95,1,10
28,208024,0.95,1,10
29,198877,0.95,1,10
30,190872,0.95,1,10
31,181559,0.95,1,10
32,175093,0.95,1,10
33,168410,0.95,1,10
34,162765,0.95,1,10
35,154965,0.95,1,10
36,145209,0.95,1,10
37,132260,0.95,1,10
38,125709,0.95,1,10
39,119994,0.95,1,10
40,113568,0.95,1,10
41,110111,0.95,1,10
42,106267,0.95,1,10
43,103884,0.95,1,10
44,101335,0.95,1,10
45,93950,0.95,1,10
46,89700,0.95,1,10
47,83466,0.95,1,10
48,80280,0.95,1,10
49,73744,0.95,1,10
50,70091,0.95,1,10
51,65131,0.95,1,10
52,60783,0.95,1,10
53,58670,0.95,1,10
54,55219,0.95,1,10
55,50809,0.95,1,10
56,46825,0.95,1,10
57,43556,0.95,1,10
58,41376,0.95,1,10
59,39547,0.95,1,10
60,37707,0.95,1,10
61,34125,0.95,1,10
62,31487,0.95,1,10
63,28982,0.95,1,10
64,28721,0.95,1,10
65,27139,0.95,1,10
66,25384,0.95,1,10
67,23870,0.95,1,10
68,23794,0.95,1,10
69,23688,0.95,1,10
70,22238,0.95,1,10
71,20661,0.95,1,10
72,20637,0.95,1,10
73,20493,0.95,1,10
74,19879,0.95,1,10
75,18707,0.95,1,10
76,16376,0.95,1,10
77,15821,0.95,1,10
78,14619,0.95,1,10
79,13499,0.95,1,10
80,13469,0.95,1,10
81,13103,0.95,1,10
82,13299,0.95,1,10
83,14651,0.95,1,10
84,13681,0.95,1,10
85,14110,0.95,1,10
86,13727,0.95,1,10
87,12585,0.95,1,10
88,11729,0.95,1,10
89,10814,0.95,1,10
90,10808,0.95,1,10
91,11124,0.95,1,10
92,10374,0.95,1,10
93,9881,0.95,1,10
94,10373,0.95,1,10
95,9247,0.95,1,10
96,7438,0.95,1,10
97,5937,0.95,1,10
98,4960,0.95,1,10
99,3751,0.95,1,10
100,3386,0.95,1,10
101,3032,0.95,1,10
102,2987,0.95,1,10
103,2599,0.95,1,10
104,3081,0.95,1,10
105,3374,0.95,1,10
106,2985,0.95,1,10
107,2987,0.95,1,10
108,2700,0.95,1,10
109,2439,0.95,1,10
110,2780,0.95,1,10
111,2343,0.95,1,10
112,1723,0.95,1,10
113,1431,0.95,1,10
114,1120,0.95,1,10
115,1425,0.95,1,10
116,1780,0.95,1,10
117,1663,0.95,1,10
118,1887,0.95,1,10
119,1922,0.95,1,10
120,2019,0.95,1,10
121,1670,0.95,1,10
122,1456,0.95,1,10
123,1758,0.95,1,10
124,1493,0.95,1,10
125,1465,0.95,1,10
126,1761,0.95,1,10
127,1698,0.95,1,10
128,1223,0.95,1,10
129,1223,0.95,1,10
130,1090,0.95,1,10
131,938,0.95,1,10
132,1076,0.95,1,10
133,1264,0.95,1,10
134,1474,0.95,1,10
135,1470,0.95,1,10
136,1180,0.95,1,10
137,1293,0.95,1,10
138,1250,0.95,1,10
139,1572,0.95,1,10
140,1499,0.95,1,10
141,1557,0.95,1,10
142,1459,0.95,1,10
143,1018,0.95,1,10
144,822,0.95,1,10
145,867,0.95,1,10
146,787,0.95,1,10
147,725,0.95,1,10
148,537,0.95,1,10
149,461,0.95,1,10
150,484,0.95,1,10
151,647,0.95,1,10
152,728,0.95,1,10
153,1026,0.95,1,10
154,851,0.95,1,10
155,1026,0.95,1,10
156,1184,0.95,1,10
157,842,0.95,1,10
158,777,0.95,1,10
159,708,0.95,1,10
160,627,0.95,1,10
161,526,0.95,1,10
162,390,0.95,1,10
163,343,0.95,1,10
164,260,0.95,1,10
165,260,0.95,1,10
166,123,0.95,1,10
167,22,0.95,1,10
0,832296,0.95,2,10
1,1930385,0.95,2,10
2,3180715,0.95,2,10
3,3728005,0.95,2,10
4,3242364,0.95,2,10
5,2276175,0.95,2,10
6,1456896,0.95,2,10
7,919024,0.95,2,10
8,581478,0.95,2,10
9,368926,0.95,2,10
10,226435,0.95,2,10
11,134092,0.95,2,10
12,73353,0.95,2,10
13,42904,0.95,2,10
14,22325,0.95,2,10
15,12776,0.95,2,10
16,6659,0.95,2,10
17,3196,0.95,2,10
18,1544,0.95,2,10
19,458,0.95,2,10
20,44,0.95,2,10
0,881818,0.95,5,10
1,3537738,0.95,5,10
2,5779610,0.95,5,10
3,4378794,0.95,5,10
4,2185146,0.95,5,10
5,1058364,0.95,5,10
6,556864,0.95,5,10
7,298866,0.95,5,10
8,136300,0.95,5,10
9,65482,0.95,5,10
10,46486,0.95,5,10
11,27979,0.95,5,10
12,16788,0.95,5,10
13,9907,0.95,5,10
14,5361,0.95,5,10
15,1831,0.95,5,10
16,406,0.95,5,10
0,825479,0.95,10,10
1,4307722,0.95,10,10
2,5882889,0.95,10,10
3,3858245,0.95,10,10
4,1843615,0.95,10,10
5,925099,0.95,10,10
6,523534,0.95,10,10
7,299376,0.95,10,10
8,192870,0.95,10,10
9,144204,0.95,10,10
10,95150,0.95,10,10
11,50423,0.95,10,10
12,29567,0.95,10,10
13,15822,0.95,10,10
14,9195,0.95,10,10
15,4589,0.95,10,10
16,1913,0.95,10,10
17,298,0.95,10,10
0,216022,0.99,1,10
1,265649,0.99,1,10
2,284818,0.99,1,10
3,277792,0.99,1,10
4,259860,0.99,1,10
5,245293,0.99,1,10
6,238427,0.99,1,10
7,234893,0.99,1,10
8,226797,0.99,1,10
9,222980,0.99,1,10
10,222002,0.99,1,10
11,213239,0.99,1,10
12,207664,0.99,1,10
13,206568,0.99,1,10
14,200712,0.99,1,10
15,201579,0.99,1,10
16,198230,0.99,1,10
17,194321,0.99,1,10
18,186861,0.99,1,10
19,183257,0.99,1,10
20,178116,0.99,1,10
21,172240,0.99,1,10
22,166862,0.99,1,10
23,165399,0.99,1,10
24,167487,0.99,1,10
25,167782,0.99,1,10
26,165037,0.99,1,10
27,162752,0.99,1,10
28,162063,0.99,1,10
29,163168,0.99,1,10
30,159271,0.99,1,10
31,156320,0.99,1,10
32,154744,0.99,1,10
33,151080,0.99,1,10
34,147482,0.99,1,10
35,146297,0.99,1,10
36,143952,0.99,1,10
37,140938,0.99,1,10
38,143847,0.99,1,10
39,139519,0.99,1,10
40,138228,0.99,1,10
41,137037,0.99,1,10
42,133459,0.99,1,10
43,129043,0.99,1,10
44,129684,0.99,1,10
45,128280,0.99,1,10
46,126581,0.99,1,10
47,125718,0.99,1,10
48,123806,0.99,1,10
49,122838,0.99,1,10
50,120323,0.99,1,10
51,117358,0.99,1,10
52,118191,0.99,1,10
53,119521,0.99,1,10
54,119022,0.99,1,10
55,116489,0.99,1,10
56,115474,0.99,1,10
57,112072,0.99,1,10
58,110802,0.99,1,10
59,112257,0.99,1,10
60,111741,0.99,1,10
61,108987,0.99,1,10
62,109424,0.99,1,10
63,109639,0.99,1,10
64,109568,0.99,1,10
65,106460,0.99,1,10
66,100784,0.99,1,10
67,98219,0.99,1,10
68,99516,0.99,1,10
69,99075,0.99,1,10
70,95039,0.99,1,10
71,94992,0.99,1,10
72,97873,0.99,1,10
73,93753,0.99,1,10
74,94395,0.99,1,10
75,90762,0.99,1,10
76,93151,0.99,1,10
77,90013,0.99,1,10
78,86944,0.99,1,10
79,84658,0.99,1,10
80,81723,0.99,1,10
81,81192,0.99,1,10
82,81197,0.99,1,10
83,80773,0.99,1,10
84,80671,0.99,1,10
85,82177,0.99,1,10
86,82010,0.99,1,10
87,78949,0.99,1,10
88,76654,0.99,1,10
89,73339,0.99,1,10
90,72733,0.99,1,10
91,72457,0.99,1,10
92,70759,0.99,1,10
93,68703,0.99,1,10
94,68040,0.99,1,10
95,64536,0.99,1,10
96,62998,0.99,1,10
97,62812,0.99,1,10
98,63183,0.99,1,10
99,64598,0.99,1,10
100,64654,0.99,1,10
101,63214,0.99,1,10
102,63970,0.99,1,10
103,61403,0.99,1,10
104,61482,0.99,1,10
105,60747,0.99,1,10
106,60914,0.99,1,10
107,62170,0.99,1,10
108,62741,0.99,1,10
109,62388,0.99,1,10
110,64942,0.99,1,10
111,66495,0.99,1,10
112,66189,0.99,1,10
113,64031,0.99,1,10
114,61675,0.99,1,10
115,61761,0.99,1,10
116,60226,0.99,1,10
117,59151,0.99,1,10
118,60886,0.99,1,10
119,60782,0.99,1,10
120,62208,0.99,1,10
121,61276,0.99,1,10
122,60499,0.99,1,10
123,58565,0.99,1,10
124,58040,0.99,1,10
125,57122,0.99,1,10
126,57591,0.99,1,10
127,60310,0.99,1,10
128,57912,0.99,1,10
129,56297,0.99,1,10
130,56260,0.99,1,10
131,58103,0.99,1,10
132,57160,0.99,1,10
133,59030,0.99,1,10
134,59119,0.99,1,10
135,61376,0.99,1,10
136,59253,0.99,1,10
137,59847,0.99,1,10
138,59801,0.99,1,10
139,56039,0.99,1,10
140,54226,0.99,1,10
141,52399,0.99,1,10
142,50442,0.99,1,10
143,48193,0.99,1,10
144,45322,0.99,1,10
145,43051,0.99,1,10
146,43298,0.99,1,10
147,44263,0.99,1,10
148,44486,0.99,1,10
149,45122,0.99,1,10
150,43825,0.99,1,10
151,41456,0.99,1,10
152,41378,0.99,1,10
153,40188,0.99,1,10
154,38151,0.99,1,10
155,37991,0.99,1,10
156,36690,0.99,1,10
157,35293,0.99,1,10
158,33187,0.99,1,10
159,32847,0.99,1,10
160,33710,0.99,1,10
161,33758,0.99,1,10
162,32831,0.99,1,10
163,32721,0.99,1,10
164,30944,0.99,1,10
165,31227,0.99,1,10
166,31900,0.99,1,10
167,31819,0.99,1,10
168,31751,0.99,1,10
169,31203,0.99,1,10
170,29221,0.99,1,10
171,29061,0.99,1,10
172,26979,0.99,1,10
173,24444,0.99,1,10
174,24113,0.99,1,10
175,23543,0.99,1,10
176,22270,0.99,1,10
177,22521,0.99,1,10
178,21435,0.99,1,10
179,21644,0.99,1,10
180,20599,0.99,1,10
181,19548,0.99,1,10
182,22386,0.99,1,10
183,23168,0.99,1,10
184,21503,0.99,1,10
185,20906,0.99,1,10
186,21195,0.99,1,10
187,21187,0.99,1,10
188,23623,0.99,1,10
189,25687,0.99,1,10
190,24175,0.99,1,10
191,23544,0.99,1,10
192,23277,0.99,1,10
193,24129,0.99,1,10
194,25344,0.99,1,10
195,25917,0.99,1,10
196,25795,0.99,1,10
197,26678,0.99,1,10
198,25648,0.99,1,10
199,24295,0.99,1,10
200,23854,0.99,1,10
201,22725,0.99,1,10
202,22360,0.99,1,10
203,22416,0.99,1,10
204,20741,0.99,1,10
205,21603,0.99,1,10
206,21228,0.99,1,10
207,21903,0.99,1,10
208,21963,0.99,1,10
209,20792,0.99,1,10
210,19392,0.99,1,10
211,19034,0.99,1,10
212,18286,0.99,1,10
213,17969,0.99,1,10
214,18201,0.99,1,10
215,19015,0.99,1,10
216,19297,0.99,1,10
217,18665,0.99,1,10
218,18624,0.99,1,10
219,19065,0.99,1,10
220,18795,0.99,1,10
221,17658,0.99,1,10
222,17455,0.99,1,10
223,17402,0.99,1,10
224,15939,0.99,1,10
225,16567,0.99,1,10
226,16947,0.99,1,10
227,17525,0.99,1,10
228,16755,0.99,1,10
229,16418,0.99,1,10
230,15477,0.99,1,10
231,15807,0.99,1,10
232,15991,0.99,1,10
233,18017,0.99,1,10
234,16280,0.99,1,10
235,17137,0.99,1,10
236,17592,0.99,1,10
237,17491,0.99,1,10
238,18309,0.99,1,10
239,19543,0.99,1,10
240,18134,0.99,1,10
241,17642,0.99,1,10
242,16512,0.99,1,10
243,16556,0.99,1,10
244,17701,0.99,1,10
245,17963,0.99,1,10
246,17381,0.99,1,10
247,16822,0.99,1,10
248,16396,0.99,1,10
249,16220,0.99,1,10
250,15814,0.99,1,10
251,15653,0.99,1,10
252,15664,0.99,1,10
253,16044,0.99,1,10
254,15646,0.99,1,10
255,15626,0.99,1,10
256,16984,0.99,1,10
257,15782,0.99,1,10
258,15315,0.99,1,10
259,14948,0.99,1,10
260,13840,0.99,1,10
261,12584,0.99,1,10
262,14147,0.99,1,10
263,14429,0.99,1,10
264,13193,0.99,1,10
265,12567,0.99,1,10
266,12375,0.99,1,10
267,12758,0.99,1,10
268,12778,0.99,1,10
269,13488,0.99,1,10
270,12940,0.99,1,10
271,14045,0.99,1,10
272,13077,0.99,1,10
273,12452,0.99,1,10
274,11905,0.99,1,10
275,12722,0.99,1,10
276,12648,0.99,1,10
277,11814,0.99,1,10
278,11871,0.99,1,10
279,11920,0.99,1,10
280,11872,0.99,1,10
281,12521,0.99,1,10
282,13448,0.99,1,10
283,13515,0.99,1,10
284,13891,0.99,1,10
285,13216,0.99,1,10
286,12418,0.99,1,10
287,11970,0.99,1,10
288,11423,0.99,1,10
289,11253,0.99,1,10
290,11029,0.99,1,10
291,9510,0.99,1,10
292,9263,0.99,1,10
293,9784,0.99,1,10
294,9463,0.99,1,10
295,9038,0.99,1,10
296,8900,0.99,1,10
297,8274,0.99,1,10
298,8124,0.99,1,10
299,8284,0.99,1,10
300,8407,0.99,1,10
301,9298,0.99,1,10
302,8996,0.99,1,10
303,9000,0.99,1,10
304,8709,0.99,1,10
305,8327,0.99,1,10
306,7785,0.99,1,10
307,7832,0.99,1,10
308,8139,0.99,1,10
309,8557,0.99,1,10
310,7459,0.99,1,10
311,7361,0.99,1,10
312,7813,0.99,1,10
313,7713,0.99,1,10
314,7958,0.99,1,10
315,8044,0.99,1,10
316,8258,0.99,1,10
317,8607,0.99,1,10
318,9139,0.99,1,10
319,8550,0.99,1,10
320,7603,0.99,1,10
321,7579,0.99,1,10
322,7362,0.99,1,10
323,7103,0.99,1,10
324,7110,0.99,1,10
325,7298,0.99,1,10
326,7621,0.99,1,10
327,7034,0.99,1,10
328,7387,0.99,1,10
329,7137,0.99,1,10
330,7602,0.99,1,10
331,7296,0.99,1,10
332,6396,0.99,1,10
333,6327,0.99,1,10
334,5860,0.99,1,10
335,4773,0.99,1,10
336,4695,0.99,1,10
337,4903,0.99,1,10
338,4589,0.99,1,10
339,4130,0.99,1,10
340,4154,0.99,1,10
341,3587,0.99,1,10
342,3861,0.99,1,10
343,3666,0.99,1,10
344,3536,0.99,1,10
345,2830,0.99,1,10
346,2375,0.99,1,10
347,1741,0.99,1,10
348,1666,0.99,1,10
349,2042,0.99,1,10
350,2384,0.99,1,10
351,2143,0.99,1,10
352,2009,0.99,1,10
353,1646,0.99,1,10
354,1338,0.99,1,10
355,1192,0.99,1,10
356,1243,0.99,1,10
357,1378,0.99,1,10
358,1241,0.99,1,10
359,1074,0.99,1,10
360,775,0.99,1,10
361,677,0.99,1,10
362,435,0.99,1,10
363,542,0.99,1,10
364,491,0.99,1,10
365,459,0.99,1,10
366,503,0.99,1,10
367,362,0.99,1,10
368,290,0.99,1,10
369,312,0.99,1,10
370,393,0.99,1,10
371,385,0.99,1,10
372,370,0.99,1,10
373,386,0.99,1,10
374,397,0.99,1,10
375,467,0.99,1,10
376,307,0.99,1,10
377,321,0.99,1,10
378,403,0.99,1,10
379,295,0.99,1,10
380,266,0.99,1,10
381,244,0.99,1,10
382,377,0.99,1,10
383,200,0.99,1,10
384,167,0.99,1,10
385,116,0.99,1,10
386,120,0.99,1,10
387,148,0.99,1,10
388,282,0.99,1,10
389,287,0.99,1,10
390,492,0.99,1,10
391,593,0.99,1,10
392,837,0.99,1,10
393,639,0.99,1,10
394,614,0.99,1,10
395,906,0.99,1,10
396,716,0.99,1,10
397,912,0.99,1,10
398,867,0.99,1,10
399,790,0.99,1,10
400,596,0.99,1,10
401,872,0.99,1,10
402,714,0.99,1,10
403,379,0.99,1,10
404,272,0.99,1,10
405,455,0.99,1,10
406,346,0.99,1,10
407,434,0.99,1,10
408,415,0.99,1,10
409,270,0.99,1,10
410,197,0.99,1,10
411,139,0.99,1,10
412,58,0.99,1,10
413,26,0.99,1,10
414,77,0.99,1,10
415,89,0.99,1,10
416,117,0.99,1,10
417,136,0.99,1,10
418,128,0.99,1,10
419,167,0.99,1,10
420,84,0.99,1,10
421,133,0.99,1,10
422,190,0.99,1,10
423,124,0.99,1,10
424,127,0.99,1,10
425,80,0.99,1,10
426,113,0.99,1,10
427,350,0.99,1,10
428,326,0.99,1,10
429,375,0.99,1,10
430,462,0.99,1,10
431,443,0.99,1,10
432,686,0.99,1,10
433,688,0.99,1,10
434,1009,0.99,1,10
435,963,0.99,1,10
436,1096,0.99,1,10
437,1047,0.99,1,10
438,760,0.99,1,10
439,842,0.99,1,10
440,787,0.99,1,10
441,785,0.99,1,10
442,958,0.99,1,10
443,770,0.99,1,10
444,528,0.99,1,10
445,514,0.99,1,10
446,750,0.99,1,10
447,621,0.99,1,10
448,499,0.99,1,10
449,564,0.99,1,10
450,319,0.99,1,10
451,266,0.99,1,10
452,230,0.99,1,10
453,401,0.99,1,10
454,575,0.99,1,10
455,555,0.99,1,10
456,447,0.99,1,10
457,418,0.99,1,10
458,580,0.99,1,10
459,623,0.99,1,10
460,403,0.99,1,10
461,492,0.99,1,10
462,518,0.99,1,10
463,600,0.99,1,10
464,349,0.99,1,10
465,260,0.99,1,10
466,203,0.99,1,10
467,171,0.99,1,10
468,121,0.99,1,10
469,42,0.99,1,10
470,53,0.99,1,10
471,24,0.99,1,10
472,21,0.99,1,10
473,89,0.99,1,10
474,140,0.99,1,10
475,179,0.99,1,10
476,308,0.99,1,10
477,257,0.99,1,10
478,299,0.99,1,10
479,348,0.99,1,10
480,432,0.99,1,10
481,413,0.99,1,10
482,193,0.99,1,10
483,256,0.99,1,10
484,294,0.99,1,10
485,216,0.99,1,10
486,248,0.99,1,10
487,300,0.99,1,10
488,254,0.99,1,10
489,328,0.99,1,10
490,299,0.99,1,10
491,254,0.99,1,10
492,244,0.99,1,10
493,265,0.99,1,10
494,204,0.99,1,10
495,102,0.99,1,10
496,158,0.99,1,10
497,81,0.99,1,10
498,25,0.99,1,10
499,6,0.99,1,10
500,4,0.99,1,10
0,134432,0.99,2,10
1,353573,0.99,2,10
2,670855,0.99,2,10
3,998621,0.99,2,10
4,1204450,0.99,2,10
5,1267826,0.99,2,10
6,1197018,0.99,2,10
7,1104229,0.99,2,10
8,1027975,0.99,2,10
9,946032,0.99,2,10
10,845579,0.99,2,10
11,746584,0.99,2,10
12,661135,0.99,2,10
13,603169,0.99,2,10
14,541764,0.99,2,10
15,498841,0.99,2,10
16,453599,0.99,2,10
17,419124,0.99,2,10
18,389343,0.99,2,10
19,371675,0.99,2,10
20,345403,0.99,2,10
21,325961,0.99,2,10
22,309313,0.99,2,10
23,282567,0.99,2,10
24,259514,0.99,2,10
25,268473,0.99,2,10
26,277173,0.99,2,10
27,282322,0.99,2,10
28,284550,0.99,2,10
29,276512,0.99,2,10
30,257383,0.99,2,10
31,237298,0.99,2,10
32,207291,0.99,2,10
33,162938,0.99,2,10
34,135959,0.99,2,10
35,121861,0.99,2,10
36,110747,0.99,2,10
37,110233,0.99,2,10
38,110271,0.99,2,10
39,109152,0.99,2,10
40,105080,0.99,2,10
41,96034,0.99,2,10
42,87180,0.99,2,10
43,77697,0.99,2,10
44,73866,0.99,2,10
45,65353,0.99,2,10
46,57364,0.99,2,10
47,42768,0.99,2,10
48,36797,0.99,2,10
49,38495,0.99,2,10
50,42514,0.99,2,10
51,44710,0.99,2,10
52,43694,0.99,2,10
53,36988,0.99,2,10
54,31284,0.99,2,10
55,23358,0.99,2,10
56,15069,0.99,2,10
57,7431,0.99,2,10
58,2974,0.99,2,10
59,477,0.99,2,10
60,32,0.99,2,10
0,219408,0.99,5,10
1,1014182,0.99,5,10
2,2182245,0.99,5,10
3,2497244,0.99,5,10
4,2035100,0.99,5,10
5,1578808,0.99,5,10
6,1316124,0.99,5,10
7,1151332,0.99,5,10
8,1004510,0.99,5,10
9,879929,0.99,5,10
10,790073,0.99,5,10
11,695660,0.99,5,10
12,623726,0.99,5,10
13,555100,0.99,5,10
14,485945,0.99,5,10
15,407896,0.99,5,10
16,342221,0.99,5,10
17,308247,0.99,5,10
18,275971,0.99,5,10
19,217687,0.99,5,10
20,178500,0.99,5,10
21,153284,0.99,5,10
22,126567,0.99,5,10
23,94870,0.99,5,10
24,70470,0.99,5,10
25,60071,0.99,5,10
26,54908,0.99,5,10
27,48569,0.99,5,10
28,45079,0.99,5,10
29,44564,0.99,5,10
30,37321,0.99,5,10
31,27962,0.99,5,10
32,28030,0.99,5,10
33,32670,0.99,5,10
34,38447,0.99,5,10
35,32919,0.99,5,10
36,26868,0.99,5,10
37,22214,0.99,5,10
38,18756,0.99,5,10
39,23157,0.99,5,10
40,20675,0.99,5,10
41,11303,0.99,5,10
42,4218,0.99,5,10
43,1324,0.99,5,10
44,116,0.99,5,10
0,172575,0.99,10,10
1,1052541,0.99,10,10
2,2064050,0.99,10,10
3,2227843,0.99,10,10
4,1741821,0.99,10,10
5,1371953,0.99,10,10
6,1159478,0.99,10,10
7,1008896,0.99,10,10
8,924633,0.99,10,10
9,844151,0.99,10,10
10,771509,0.99,10,10
11,674432,0.99,10,10
12,610331,0.99,10,10
13,568827,0.99,10,10
14,529241,0.99,10,10
15,476110,0.99,10,10
16,433005,0.99,10,10
17,413499,0.99,10,10
18,373839,0.99,10,10
19,299180,0.99,10,10
20,225355,0.99,10,10
21,181523,0.99,10,10
22,167867,0.99,10,10
23,167904,0.99,10,10
24,162975,0.99,10,10
25,137773,0.99,10,10
26,109344,0.99,10,10
27,96868,0.99,10,10
28,96713,0.99,10,10
29,93966,0.99,10,10
30,101016,0.99,10,10
31,103427,0.99,10,10
32,92474,0.99,10,10
33,77474,0.99,10,10
34,71873,0.99,10,10
35,59655,0.99,10,10
36,54133,0.99,10,10
37,42627,0.99,10,10
38,28271,0.99,10,10
39,16315,0.99,10,10
40,2558,0.99,10,10
41,265,0.99,10,10
0,4749640,0.5,1,10
1,2830005,0.5,1,10
2,1388631,0.5,1,10
3,614048,0.5,1,10
4,250704,0.5,1,10
5,100415,0.5,1,10
6,39696,0.5,1,10
7,16351,0.5,1,10
8,6829,0.5,1,10
9,3183,0.5,1,10
10,1431,0.5,1,10
11,476,0.5,1,10
12,167,0.5,1,10
13,126,0.5,1,10
14,23,0.5,1,10
15,3,0.5,1,10
16,2,0.5,1,10
0,4649574,0.5,2,10
1,3939061,0.5,2,10
2,1288042,0.5,2,10
3,130242,0.5,2,10
4,4177,0.5,2,10
5,44,0.5,2,10
0,4575940,0.5,5,10
1,5050293,0.5,5,10
2,381532,0.5,5,10
3,1025,0.5,5,10
0,4540912,0.5,10,10
1,5320649,0.5,10,10
2,160085,0.5,10,10
3,254,0.5,10,10
0,3997692,0.7,1,10
1,3440279,0.7,1,10
2,2478024,0.7,1,10
3,1593762,0.7,1,10
4,954521,0.7,1,10
5,570159,0.7,1,10
6,337106,0.7,1,10
7,211222,0.7,1,10
8,133087,0.7,1,10
9,87294,0.7,1,10
10,60344,0.7,1,10
11,40920,0.7,1,10
12,26787,0.7,1,10
13,19609,0.7,1,10
14,13475,0.7,1,10
15,9218,0.7,1,10
16,7104,0.7,1,10
17,4605,0.7,1,10
18,3385,0.7,1,10
19,2736,0.7,1,10
20,1936,0.7,1,10
21,1079,0.7,1,10
22,840,0.7,1,10
23,448,0.7,1,10
24,333,0.7,1,10
25,344,0.7,1,10
26,225,0.7,1,10
27,205,0.7,1,10
28,59,0.7,1,10
29,2,0.7,1,10
0,3873652,0.7,2,10
1,5235043,0.7,2,10
2,3628774,0.7,2,10
3,1130771,0.7,2,10
4,142680,0.7,2,10
5,7268,0.7,2,10
6,204,0.7,2,10
7,38,0.7,2,10
0,3798034,0.7,5,10
1,7576136,0.7,5,10
2,2481002,0.7,5,10
3,135352,0.7,5,10
4,2866,0.7,5,10
0,3724145,0.7,10,10
1,8583056,0.7,10,10
2,1657401,0.7,10,10
3,56399,0.7,10,10
4,329,0.7,10,10
0,1722919,0.9,1,10
1,2022371,0.9,1,10
2,1997221,0.9,1,10
3,1722130,0.9,1,10
4,1397472,0.9,1,10
5,1131282,0.9,1,10
6,931007,0.9,1,10
7,778847,0.9,1,10
8,667000,0.9,1,10
9,581285,0.9,1,10
10,505248,0.9,1,10
11,447102,0.9,1,10
12,403163,0.9,1,10
13,360926,0.9,1,10
14,328493,0.9,1,10
15,295611,0.9,1,10
16,269455,0.9,1,10
17,244722,0.9,1,10
18,220798,0.9,1,10
19,196094,0.9,1,10
20,171827,0.9,1,10
21,150917,0.9,1,10
22,134039,0.9,1,10
23,125485,0.9,1,10
24,115960,0.9,1,10
25,104232,0.9,1,10
26,96629,0.9,1,10
27,89415,0.9,1,10
28,81615,0.9,1,10
29,73049,0.9,1,10
30,64393,0.9,1,10
31,57315,0.9,1,10
32,50630,0.9,1,10
33,45561,0.9,1,10
34,42013,0.9,1,10
35,39079,0.9,1,10
36,33845,0.9,1,10
37,31070,0.9,1,10
38,28442,0.9,1,10
39,26112,0.9,1,10
40,24479,0.9,1,10
41,22068,0.9,1,10
42,19891,0.9,1,10
43,17495,0.9,1,10
44,15243,0.9,1,10
45,13561,0.9,1,10
46,10858,0.9,1,10
47,8956,0.9,1,10
48,7928,0.9,1,10
49,6689,0.9,1,10
50,6216,0.9,1,10
51,6272,0.9,1,10
52,5572,0.9,1,10
53,4024,0.9,1,10
54,3734,0.9,1,10
55,3617,0.9,1,10
56,4214,0.9,1,10
57,4340,0.9,1,10
58,4176,0.9,1,10
59,3702,0.9,1,10
60,3353,0.9,1,10
61,2698,0.9,1,10
62,2589,0.9,1,10
63,2733,0.9,1,10
64,2654,0.9,1,10
65,2133,0.9,1,10
66,1966,0.9,1,10
67,1464,0.9,1,10
68,1379,0.9,1,10
69,767,0.9,1,10
70,676,0.9,1,10
71,680,0.9,1,10
72,453,0.9,1,10
73,482,0.9,1,10
74,478,0.9,1,10
75,544,0.9,1,10
76,397,0.9,1,10
77,410,0.9,1,10
78,629,0.9,1,10
79,471,0.9,1,10
80,550,0.9,1,10
81,554,0.9,1,10
82,352,0.9,1,10
83,519,0.9,1,10
84,484,0.9,1,10
85,395,0.9,1,10
86,388,0.9,1,10
87,284,0.9,1,10
88,300,0.9,1,10
89,292,0.9,1,10
90,92,0.9,1,10
91,72,0.9,1,10
92,3,0.9,1,10
0,1622130,0.9,2,10
1,3609423,0.9,2,10
2,5074273,0.9,2,10
3,4372168,0.9,2,10
4,2279251,0.9,2,10
5,773158,0.9,2,10
6,210981,0.9,2,10
7,60161,0.9,2,10
8,20750,0.9,2,10
9,8510,0.9,2,10
10,3113,0.9,2,10
11,888,0.9,2,10
12,144,0.9,2,10
0,1633324,0.9,5,10
1,5754284,0.9,5,10
2,6857762,0.9,5,10
3,3040514,0.9,5,10
4,595332,0.9,5,10
5,81324,0.9,5,10
6,19137,0.9,5,10
7,6614,0.9,5,10
8,3448,0.9,5,10
9,986,0.9,5,10
10,65,0.9,5,10
0,1566042,0.9,10,10
1,6957213,0.9,10,10
2,6552330,0.9,10,10
3,2388959,0.9,10,10
4,437053,0.9,10,10
5,78734,0.9,10,10
6,26194,0.9,10,10
7,4925,0.9,10,10
8,170,0.9,10,10
0,911423,0.95,1,10
1,1149002,0.95,1,10
2,1210962,0.95,1,10
3,1124261,0.95,1,10
4,976679,0.95,1,10
5,845551,0.95,1,10
6,751435,0.95,1,10
7,673239,0.95,1,10
8,618486,0.95,1,10
9,573437,0.95,1,10
10,534897,0.95,1,10
11,500583,0.95,1,10
12,467652,0.95,1,10
13,438927,0.95,1,10
14,414108,0.95,1,10
15,389119,0.95,1,10
16,370866,0.95,1,10
17,357069,0.95,1,10
18,333165,0.95,1,10
19,318907,0.95,1,10
20,303197,0.95,1,10
21,289039,0.95,1,10
22,274242,0.95,1,10
23,260882,0.95,1,10
24,246832,0.95,1,10
25,232819,0.95,1,10
26,218219,0.95,1,10
27,208528,0.95,1,10
28,200448,0.95,1,10
29,190168,0.95,1,10
30,185521,0.95,1,10
31,175050,0.95,1,10
32,169705,0.95,1,10
33,161045,0.95,1,10
34,152454,0.95,1,10
35,143925,0.95,1,10
36,132405,0.95,1,10
37,125657,0.95,1,10
38,120465,0.95,1,10
39,112817,0.95,1,10
40,108958,0.95,1,10
41,105668,0.95,1,10
42,104255,0.95,1,10
43,101764,0.95,1,10
44,96624,0.95,1,10
45,86918,0.95,1,10
46,82355,0.95,1,10
47,78108,0.95,1,10
48,74423,0.95,1,10
49,70978,0.95,1,10
50,66816,0.95,1,10
51,62859,0.95,1,10
52,58582,0.95,1,10
53,53136,0.95,1,10
54,49661,0.95,1,10
55,48022,0.95,1,10
56,44074,0.95,1,10
57,41621,0.95,1,10
58,39182,0.95,1,10
59,36169,0.95,1,10
60,34268,0.95,1,10
61,31253,0.95,1,10
62,29860,0.95,1,10
63,28030,0.95,1,10
64,28446,0.95,1,10
65,26534,0.95,1,10
66,23963,0.95,1,10
67,22532,0.95,1,10
68,21937,0.95,1,10
69,22496,0.95,1,10
70,21350,0.95,1,10
71,21110,0.95,1,10
72,21360,0.95,1,10
73,19630,0.95,1,10
74,17886,0.95,1,10
75,16439,0.95,1,10
76,15280,0.95,1,10
77,14507,0.95,1,10
78,13945,0.95,1,10
79,13426,0.95,1,10
80,13380,0.95,1,10
81,13141,0.95,1,10
82,14021,0.95,1,10
83,14903,0.95,1,10
84,13311,0.95,1,10
85,13105,0.95,1,10
86,12335,0.95,1,10
87,11616,0.95,1,10
88,10834,0.95,1,10
89,10702,0.95,1,10
90,11471,0.95,1,10
91,10782,0.95,1,10
92,9993,0.95,1,10
93,9302,0.95,1,10
94,9267,0.95,1,10
95,7986,0.95,1,10
96,6223,0.95,1,10
97,4743,0.95,1,10
98,3979,0.95,1,10
99,3649,0.95,1,10
100,3263,0.95,1,10
101,2509,0.95,1,10
102,2881,0.95,1,10
103,2962,0.95,1,10
104,3037,0.95,1,10
105,2836,0.95,1,10
106,2841,0.95,1,10
107,2497,0.95,1,10
108,2680,0.95,1,10
109,2480,0.95,1,10
110,2261,0.95,1,10
111,1961,0.95,1,10
112,1420,0.95,1,10
113,1209,0.95,1,10
114,1342,0.95,1,10
115,1507,0.95,1,10
116,1978,0.95,1,10
117,2079,0.95,1,10
118,1802,0.95,1,10
119,1828,0.95,1,10
120,2101,0.95,1,10
121,1617,0.95,1,10
122,1585,0.95,1,10
123,1527,0.95,1,10
124,1647,0.95,1,10
125,1834,0.95,1,10
126,1248,0.95,1,10
127,1384,0.95,1,10
128,1232,0.95,1,10
129,1000,0.95,1,10
130,990,0.95,1,10
131,816,0.95,1,10
132,1232,0.95,1,10
133,1373,0.95,1,10
134,1565,0.95,1,10
135,1385,0.95,1,10
136,1087,0.95,1,10
137,1371,0.95,1,10
138,1476,0.95,1,10
139,1439,0.95,1,10
140,1538,0.95,1,10
141,1449,0.95,1,10
142,1310,0.95,1,10
143,879,0.95,1,10
144,726,0.95,1,10
145,879,0.95,1,10
146,516,0.95,1,10
147,493,0.95,1,10
148,400,0.95,1,10
149,731,0.95,1,10
150,656,0.95,1,10
151,868,0.95,1,10
152,880,0.95,1,10
153,1059,0.95,1,10
154,1024,0.95,1,10
155,876,0.95,1,10
156,883,0.95,1,10
157,686,0.95,1,10
158,652,0.95,1,10
159,694,0.95,1,10
160,505,0.95,1,10
161,419,0.95,1,10
162,320,0.95,1,10
163,324,0.95,1,10
164,203,0.95,1,10
165,85,0.95,1,10
166,53,0.95,1,10
167,16,0.95,1,10
0,830249,0.95,2,10
1,2142584,0.95,2,10
2,3709824,0.95,2,10
3,4251105,0.95,2,10
4,3367926,0.95,2,10
5,2045499,0.95,2,10
6,1126965,0.95,2,10
7,645496,0.95,2,10
8,383487,0.95,2,10
9,229772,0.95,2,10
10,138640,0.95,2,10
11,82351,0.95,2,10
12,42540,0.95,2,10
13,23113,0.95,2,10
14,10661,0.95,2,10
15,5753,0.95,2,10
16,3019,0.95,2,10
17,883,0.95,2,10
18,163,0.95,2,10
19,80,0.95,2,10
0,879592,0.95,5,10
1,3667714,0.95,5,10
2,6204740,0.95,5,10
3,4710545,0.95,5,10
4,2062758,0.95,5,10
5,788757,0.95,5,10
6,352549,0.95,5,10
7,150363,0.95,5,10
8,66590,0.95,5,10
9,47440,0.95,5,10
10,26682,0.95,5,10
11,13649,0.95,5,10
12,8544,0.95,5,10
13,5387,0.95,5,10
14,2295,0.95,5,10
15,115,0.95,5,10
0,825200,0.95,10,10
1,4379995,0.95,10,10
2,6243292,0.95,10,10
3,4232198,0.95,10,10
4,1768026,0.95,10,10
5,688031,0.95,10,10
6,326068,0.95,10,10
7,200474,0.95,10,10
8,147494,0.95,10,10
9,91803,0.95,10,10
10,54857,0.95,10,10
11,24765,0.95,10,10
12,14706,0.95,10,10
13,7802,0.95,10,10
14,4206,0.95,10,10
15,989,0.95,10,10
16,34,0.95,10,10
0,216157,0.99,1,10
1,289184,0.99,1,10
2,329517,0.99,1,10
3,324967,0.99,1,10
4,295191,0.99,1,10
5,273803,0.99,1,10
6,258195,0.99,1,10
7,242784,0.99,1,10
8,230879,0.99,1,10
9,224676,0.99,1,10
10,218782,0.99,1,10
11,214942,0.99,1,10
12,204521,0.99,1,10
13,202501,0.99,1,10
14,198785,0.99,1,10
15,197750,0.99,1,10
16,194253,0.99,1,10
17,189892,0.99,1,10
18,179064,0.99,1,10
19,178202,0.99,1,10
20,172738,0.99,1,10
21,166977,0.99,1,10
22,166541,0.99,1,10
23,166176,0.99,1,10
24,168770,0.99,1,10
25,166917,0.99,1,10
26,165340,0.99,1,10
27,162719,0.99,1,10
28,160405,0.99,1,10
29,159297,0.99,1,10
30,154921,0.99,1,10
31,154673,0.99,1,10
32,151826,0.99,1,10
33,149767,0.99,1,10
34,144649,0.99,1,10
35,144931,0.99,1,10
36,141811,0.99,1,10
37,137722,0.99,1,10
38,142143,0.99,1,10
39,137912,0.99,1,10
40,134714,0.99,1,10
41,134891,0.99,1,10
42,131056,0.99,1,10
43,128631,0.99,1,10
44,128392,0.99,1,10
45,127800,0.99,1,10
46,124952,0.99,1,10
47,124453,0.99,1,10
48,121110,0.99,1,10
49,121809,0.99,1,10
50,117219,0.99,1,10
51,118334,0.99,1,10
52,117236,0.99,1,10
53,118018,0.99,1,10
54,116419,0.99,1,10
55,113513,0.99,1,10
56,113899,0.99,1,10
57,111359,0.99,1,10
58,112351,0.99,1,10
59,112026,0.99,1,10
60,108372,0.99,1,10
61,110934,0.99,1,10
62,109363,0.99,1,10
63,106004,0.99,1,10
64,107053,0.99,1,10
65,105260,0.99,1,10
66,98667,0.99,1,10
67,99922,0.99,1,10
68,99159,0.99,1,10
69,97794,0.99,1,10
70,93129,0.99,1,10
71,94383,0.99,1,10
72,93436,0.99,1,10
73,93008,0.99,1,10
74,93265,0.99,1,10
75,92208,0.99,1,10
76,91034,0.99,1,10
77,87764,0.99,1,10
78,85397,0.99,1,10
79,80199,0.99,1,10
80,80803,0.99,1,10
81,82857,0.99,1,10
82,81228,0.99,1,10
83,82491,0.99,1,10
84,81213,0.99,1,10
85,79905,0.99,1,10
86,78694,0.99,1,10
87,77980,0.99,1,10
88,73740,0.99,1,10
89,71927,0.99,1,10
90,72559,0.99,1,10
91,71606,0.99,1,10
92,68892,0.99,1,10
93,66797,0.99,1,10
94,64422,0.99,1,10
95,62747,0.99,1,10
96,62801,0.99,1,10
97,62736,0.99,1,10
98,64645,0.99,1,10
99,65454,0.99,1,10
100,64405,0.99,1,10
101,60554,0.99,1,10
102,62354,0.99,1,10
103,61947,0.99,1,10
104,61724,0.99,1,10
105,61744,0.99,1,10
106,61430,0.99,1,10
107,61446,0.99,1,10
108,62485,0.99,1,10
109,63713,0.99,1,10
110,65040,0.99,1,10
111,66365,0.99,1,10
112,65028,0.99,1,10
113,62478,0.99,1,10
114,61095,0.99,1,10
115,61183,0.99,1,10
116,60343,0.99,1,10
117,59316,0.99,1,10
118,60343,0.99,1,10
119,62239,0.99,1,10
120,60977,0.99,1,10
121,60948,0.99,1,10
122,60150,0.99,1,10
123,57565,0.99,1,10
124,57861,0.99,1,10
125,57635,0.99,1,10
126,58557,0.99,1,10
127,58654,0.99,1,10
128,56672,0.99,1,10
129,57614,0.99,1,10
130,57342,0.99,1,10
131,58844,0.99,1,10
132,57361,0.99,1,10
133,59984,0.99,1,10
134,59294,0.99,1,10
135,60152,0.99,1,10
136,58995,0.99,1,10
137,59912,0.99,1,10
138,56528,0.99,1,10
139,53195,0.99,1,10
140,51675,0.99,1,10
141,51112,0.99,1,10
142,48390,0.99,1,10
143,45743,0.99,1,10
144,43164,0.99,1,10
145,42885,0.99,1,10
146,44153,0.99,1,10
147,44242,0.99,1,10
148,43910,0.99,1,10
149,45388,0.99,1,10
150,43122,0.99,1,10
151,40463,0.99,1,10
152,41253,0.99,1,10
153,38236,0.99,1,10
154,37017,0.99,1,10
155,34867,0.99,1,10
156,35064,0.99,1,10
157,33708,0.99,1,10
158,32699,0.99,1,10
159,32411,0.99,1,10
160,33113,0.99,1,10
161,34200,0.99,1,10
162,33743,0.99,1,10
163,33341,0.99,1,10
164,32061,0.99,1,10
165,31189,0.99,1,10
166,31895,0.99,1,10
167,30646,0.99,1,10
168,30227,0.99,1,10
169,28358,0.99,1,10
170,27860,0.99,1,10
171,27411,0.99,1,10
172,25879,0.99,1,10
173,23627,0.99,1,10
174,22833,0.99,1,10
175,23052,0.99,1,10
176,22581,0.99,1,10
177,21419,0.99,1,10
178,21112,0.99,1,10
179,21009,0.99,1,10
180,21005,0.99,1,10
181,21212,0.99,1,10
182,21943,0.99,1,10
183,21946,0.99,1,10
184,20921,0.99,1,10
185,21617,0.99,1,10
186,22035,0.99,1,10
187,23329,0.99,1,10
188,24262,0.99,1,10
189,24864,0.99,1,10
190,23237,0.99,1,10
191,24674,0.99,1,10
192,24360,0.99,1,10
193,25592,0.99,1,10
194,25874,0.99,1,10
195,26084,0.99,1,10
196,25771,0.99,1,10
197,25768,0.99,1,10
198,24549,0.99,1,10
199,23434,0.99,1,10
200,21799,0.99,1,10
201,22559,0.99,1,10
202,22177,0.99,1,10
203,21994,0.99,1,10
204,20838,0.99,1,10
205,22027,0.99,1,10
206,22010,0.99,1,10
207,20346,0.99,1,10
208,21352,0.99,1,10
209,20466,0.99,1,10
210,19782,0.99,1,10
211,18404,0.99,1,10
212,18123,0.99,1,10
213,19198,0.99,1,10
214,18206,0.99,1,10
215,18567,0.99,1,10
216,18465,0.99,1,10
217,18100,0.99,1,10
218,18921,0.99,1,10
219,18697,0.99,1,10
220,17250,0.99,1,10
221,17538,0.99,1,10
222,17622,0.99,1,10
223,16485,0.99,1,10
224,16192,0.99,1,10
225,17395,0.99,1,10
226,16853,0.99,1,10
227,16454,0.99,1,10
228,16506,0.99,1,10
229,16839,0.99,1,10
230,17110,0.99,1,10
231,16250,0.99,1,10
232,16258,0.99,1,10
233,16578,0.99,1,10
234,16860,0.99,1,10
235,17546,0.99,1,10
236,17457,0.99,1,10
237,17871,0.99,1,10
238,18902,0.99,1,10
239,18132,0.99,1,10
240,17988,0.99,1,10
241,17608,0.99,1,10
242,16888,0.99,1,10
243,17270,0.99,1,10
244,18163,0.99,1,10
245,17263,0.99,1,10
246,17064,0.99,1,10
247,15738,0.99,1,10
248,15579,0.99,1,10
249,15662,0.99,1,10
250,15927,0.99,1,10
251,15432,0.99,1,10
252,15546,0.99,1,10
253,16211,0.99,1,10
254,16884,0.99,1,10
255,16633,0.99,1,10
256,15474,0.99,1,10
257,14199,0.99,1,10
258,14340,0.99,1,10
259,14255,0.99,1,10
260,13292,0.99,1,10
261,12857,0.99,1,10
262,14214,0.99,1,10
263,13716,0.99,1,10
264,12923,0.99,1,10
265,13237,0.99,1,10
266,12972,0.99,1,10
267,13017,0.99,1,10
268,12188,0.99,1,10
269,13141,0.99,1,10
270,13162,0.99,1,10
271,13741,0.99,1,10
272,12460,0.99,1,10
273,12477,0.99,1,10
274,12505,0.99,1,10
275,12303,0.99,1,10
276,12172,0.99,1,10
277,11948,0.99,1,10
278,12352,0.99,1,10
279,12157,0.99,1,10
280,12370,0.99,1,10
281,13069,0.99,1,10
282,13772,0.99,1,10
283,13551,0.99,1,10
284,13392,0.99,1,10
285,12703,0.99,1,10
286,11379,0.99,1,10
287,11334,0.99,1,10
288,11239,0.99,1,10
289,11673,0.99,1,10
290,9923,0.99,1,10
291,9030,0.99,1,10
292,9447,0.99,1,10
293,9439,0.99,1,10
294,8914,0.99,1,10
295,9027,0.99,1,10
296,8751,0.99,1,10
297,7873,0.99,1,10
298,7971,0.99,1,10
299,8110,0.99,1,10
300,9132,0.99,1,10
301,8890,0.99,1,10
302,8590,0.99,1,10
303,9361,0.99,1,10
304,8365,0.99,1,10
305,7929,0.99,1,10
306,7798,0.99,1,10
307,8317,0.99,1,10
308,7967,0.99,1,10
309,7533,0.99,1,10
310,6950,0.99,1,10
311,7873,0.99,1,10
312,8089,0.99,1,10
313,8439,0.99,1,10
314,8599,0.99,1,10
315,8035,0.99,1,10
316,8200,0.99,1,10
317,8382,0.99,1,10
318,8596,0.99,1,10
319,8091,0.99,1,10
320,7879,0.99,1,10
321,7589,0.99,1,10
322,7504,0.99,1,10
323,6842,0.99,1,10
324,6794,0.99,1,10
325,7200,0.99,1,10
326,7931,0.99,1,10
327,7426,0.99,1,10
328,7707,0.99,1,10
329,7448,0.99,1,10
330,7051,0.99,1,10
331,6591,0.99,1,10
332,5697,0.99,1,10
333,5666,0.99,1,10
334,5187,0.99,1,10
335,4266,0.99,1,10
336,4612,0.99,1,10
337,4349,0.99,1,10
338,4871,0.99,1,10
339,3930,0.99,1,10
340,3621,0.99,1,10
341,3508,0.99,1,10
342,4160,0.99,1,10
343,3535,0.99,1,10
344,2746,0.99,1,10
345,2201,0.99,1,10
346,2045,0.99,1,10
347,1870,0.99,1,10
348,1653,0.99,1,10
349,1929,0.99,1,10
350,2084,0.99,1,10
351,2008,0.99,1,10
352,1875,0.99,1,10
353,1509,0.99,1,10
354,1384,0.99,1,10
355,1321,0.99,1,10
356,1385,0.99,1,10
357,1177,0.99,1,10
358,880,0.99,1,10
359,705,0.99,1,10
360,545,0.99,1,10
361,463,0.99,1,10
362,465,0.99,1,10
363,555,0.99,1,10
364,485,0.99,1,10
365,659,0.99,1,10
366,462,0.99,1,10
367,383,0.99,1,10
368,317,0.99,1,10
369,213,0.99,1,10
370,293,0.99,1,10
371,355,0.99,1,10
372,425,0.99,1,10
373,489,0.99,1,10
374,434,0.99,1,10
375,366,0.99,1,10
376,312,0.99,1,10
377,280,0.99,1,10
378,376,0.99,1,10
379,238,0.99,1,10
380,317,0.99,1,10
381,178,0.99,1,10
382,265,0.99,1,10
383,200,0.99,1,10
384,96,0.99,1,10
385,116,0.99,1,10
386,104,0.99,1,10
387,184,0.99,1,10
388,321,0.99,1,10
389,354,0.99,1,10
390,648,0.99,1,10
391,838,0.99,1,10
392,948,0.99,1,10
393,800,0.99,1,10
394,696,0.99,1,10
395,713,0.99,1,10
396,606,0.99,1,10
397,746,0.99,1,10
398,939,0.99,1,10
399,614,0.99,1,10
400,617,0.99,1,10
401,823,0.99,1,10
402,586,0.99,1,10
403,332,0.99,1,10
404,381,0.99,1,10
405,407,0.99,1,10
406,433,0.99,1,10
407,296,0.99,1,10
408,332,0.99,1,10
409,292,0.99,1,10
410,205,0.99,1,10
411,92,0.99,1,10
412,17,0.99,1,10
413,27,0.99,1,10
414,102,0.99,1,10
415,123,0.99,1,10
416,177,0.99,1,10
417,123,0.99,1,10
418,163,0.99,1,10
419,183,0.99,1,10
420,114,0.99,1,10
421,120,0.99,1,10
422,78,0.99,1,10
423,87,0.99,1,10
424,34,0.99,1,10
425,90,0.99,1,10
426,295,0.99,1,10
427,405,0.99,1,10
428,421,0.99,1,10
429,431,0.99,1,10
430,523,0.99,1,10
431,557,0.99,1,10
432,716,0.99,1,10
433,960,0.99,1,10
434,1115,0.99,1,10
435,1067,0.99,1,10
436,1015,0.99,1,10
437,815,0.99,1,10
438,793,0.99,1,10
439,1259,0.99,1,10
440,1025,0.99,1,10
441,600,0.99,1,10
442,700,0.99,1,10
443,748,0.99,1,10
444,411,0.99,1,10
445,518,0.99,1,10
446,516,0.99,1,10
447,452,0.99,1,10
448,415,0.99,1,10
449,385,0.99,1,10
450,289,0.99,1,10
451,349,0.99,1,10
452,475,0.99,1,10
453,544,0.99,1,10
454,504,0.99,1,10
455,530,0.99,1,10
456,420,0.99,1,10
457,510,0.99,1,10
458,526,0.99,1,10
459,534,0.99,1,10
460,363,0.99,1,10
461,408,0.99,1,10
462,478,0.99,1,10
463,588,0.99,1,10
464,376,0.99,1,10
465,160,0.99,1,10
466,83,0.99,1,10
467,148,0.99,1,10
468,55,0.99,1,10
469,53,0.99,1,10
470,112,0.99,1,10
471,116,0.99,1,10
472,83,0.99,1,10
473,138,0.99,1,10
474,339,0.99,1,10
475,328,0.99,1,10
476,237,0.99,1,10
477,270,0.99,1,10
478,281,0.99,1,10
479,334,0.99,1,10
480,358,0.99,1,10
481,216,0.99,1,10
482,153,0.99,1,10
483,290,0.99,1,10
484,267,0.99,1,10
485,230,0.99,1,10
486,211,0.99,1,10
487,275,0.99,1,10
488,214,0.99,1,10
489,417,0.99,1,10
490,244,0.99,1,10
491,254,0.99,1,10
492,252,0.99,1,10
493,215,0.99,1,10
494,120,0.99,1,10
495,126,0.99,1,10
496,105,0.99,1,10
497,32,0.99,1,10
498,24,0.99,1,10
499,7,0.99,1,10
500,2,0.99,1,10
0,134554,0.99,2,10
1,409282,0.99,2,10
2,862816,0.99,2,10
3,1305820,0.99,2,10
4,1483577,0.99,2,10
5,1410791,0.99,2,10
6,1223875,0.99,2,10
7,1074508,0.99,2,10
8,962141,0.99,2,10
9,862732,0.99,2,10
10,759739,0.99,2,10
11,656662,0.99,2,10
12,587358,0.99,2,10
13,543787,0.99,2,10
14,501902,0.99,2,10
15,449632,0.99,2,10
16,414721,0.99,2,10
17,389495,0.99,2,10
18,373566,0.99,2,10
19,351815,0.99,2,10
20,324487,0.99,2,10
21,304125,0.99,2,10
22,288155,0.99,2,10
23,268402,0.99,2,10
24,264617,0.99,2,10
25,269128,0.99,2,10
26,283618,0.99,2,10
27,284904,0.99,2,10
28,278344,0.99,2,10
29,260657,0.99,2,10
30,228678,0.99,2,10
31,204286,0.99,2,10
32,176488,0.99,2,10
33,142889,0.99,2,10
34,122267,0.99,2,10
35,113738,0.99,2,10
36,109417,0.99,2,10
37,109518,0.99,2,10
38,110072,0.99,2,10
39,110210,0.99,2,10
40,101181,0.99,2,10
41,87447,0.99,2,10
42,77283,0.99,2,10
43,72346,0.99,2,10
44,65635,0.99,2,10
45,55789,0.99,2,10
46,46249,0.99,2,10
47,39215,0.99,2,10
48,37973,0.99,2,10
49,42107,0.99,2,10
50,46685,0.99,2,10
51,45074,0.99,2,10
52,36316,0.99,2,10
53,29440,0.99,2,10
54,22382,0.99,2,10
55,14619,0.99,2,10
56,5205,0.99,2,10
57,1877,0.99,2,10
58,294,0.99,2,10
0,219043,0.99,5,10
1,1082506,0.99,5,10
2,2483076,0.99,5,10
3,2990694,0.99,5,10
4,2311650,0.99,5,10
5,1624342,0.99,5,10
6,1254447,0.99,5,10
7,1038562,0.99,5,10
8,902924,0.99,5,10
9,801508,0.99,5,10
10,696159,0.99,5,10
11,616490,0.99,5,10
12,555714,0.99,5,10
13,472798,0.99,5,10
14,408455,0.99,5,10
15,340142,0.99,5,10
16,316288,0.99,5,10
17,269403,0.99,5,10
18,220721,0.99,5,10
19,173590,0.99,5,10
20,147577,0.99,5,10
21,118968,0.99,5,10
22,88246,0.99,5,10
23,68786,0.99,5,10
24,64214,0.99,5,10
25,56591,0.99,5,10
26,50548,0.99,5,10
27,44667,0.99,5,10
28,41680,0.99,5,10
29,34438,0.99,5,10
30,27786,0.99,5,10
31,30790,0.99,5,10
32,37388,0.99,5,10
33,36375,0.99,5,10
34,31996,0.99,5,10
35,23996,0.99,5,10
36,23727,0.99,5,10
37,24256,0.99,5,10
38,24403,0.99,5,10
39,16712,0.99,5,10
40,9018,0.99,5,10
41,3342,0.99,5,10
42,264,0.99,5,10
0,171967,0.99,10,10
1,1093954,0.99,10,10
2,2320725,0.99,10,10
3,2684718,0.99,10,10
4,2009380,0.99,10,10
5,1398638,0.99,10,10
6,1087754,0.99,10,10
7,949874,0.99,10,10
8,851632,0.99,10,10
9,760427,0.99,10,10
10,670203,0.99,10,10
11,613810,0.99,10,10
12,571939,0.99,10,10
13,538326,0.99,10,10
14,474527,0.99,10,10
15,438166,0.99,10,10
16,423871,0.99,10,10
17,365877,0.99,10,10
18,291301,0.99,10,10
19,219676,0.99,10,10
20,185994,0.99,10,10
21,179552,0.99,10,10
22,164225,0.99,10,10
23,156054,0.99,10,10
24,141229,0.99,10,10
25,99232,0.99,10,10
26,95291,0.99,10,10
27,95619,0.99,10,10
28,96601,0.99,10,10
29,105856,0.99,10,10
30,103775,0.99,10,10
31,98879,0.99,10,10
32,75420,0.99,10,10
33,63496,0.99,10,10
34,60778,0.99,10,10
35,56339,0.99,10,10
36,40703,0.99,10,10
37,30320,0.99,10,10
38,15606,0.99,10,10
39,5977,0.99,10,10
40,679,0.99,10,10
0,4749292,0.5,1,10
1,2870077,0.5,1,10
2,1416394,0.5,1,10
3,610221,0.5,1,10
4,231604,0.5,1,10
5,82591,0.5,1,10
6,27810,0.5,1,10
7,9310,0.5,1,10
8,2966,0.5,1,10
9,1058,0.5,1,10
10,295,0.5,1,10
11,75,0.5,1,10
12,29,0.5,1,10
13,26,0.5,1,10
14,2,0.5,1,10
0,4649295,0.5,2,10
1,3943208,0.5,2,10
2,1285681,0.5,2,10
3,128892,0.5,2,10
4,4031,0.5,2,10
5,33,0.5,2,10
0,4575931,0.5,5,10
1,5050372,0.5,5,10
2,381461,0.5,5,10
3,1026,0.5,5,10
0,4540912,0.5,10,10
1,5320649,0.5,10,10
2,160085,0.5,10,10
3,254,0.5,10,10
0,3996994,0.7,1,10
1,3572101,0.7,1,10
2,2667723,0.7,1,10
3,1720460,0.7,1,10
4,973754,0.7,1,10
5,509105,0.7,1,10
6,256141,0.7,1,10
7,128539,0.7,1,10
8,68543,0.7,1,10
9,37805,0.7,1,10
10,22778,0.7,1,10
11,13323,0.7,1,10
12,8285,0.7,1,10
13,6006,0.7,1,10
14,4134,0.7,1,10
15,3145,0.7,1,10
16,2701,0.7,1,10
17,2126,0.7,1,10
18,1276,0.7,1,10
19,835,0.7,1,10
20,528,0.7,1,10
21,250,0.7,1,10
22,134,0.7,1,10
23,74,0.7,1,10
24,67,0.7,1,10
25,17,0.7,1,10
26,35,0.7,1,10
27,11,0.7,1,10
0,3872726,0.7,2,10
1,5273077,0.7,2,10
2,3626777,0.7,2,10
3,1105566,0.7,2,10
4,134547,0.7,2,10
5,5606,0.7,2,10
6,112,0.7,2,10
7,19,0.7,2,10
0,3797731,0.7,5,10
1,7580924,0.7,5,10
2,2478187,0.7,5,10
3,134231,0.7,5,10
4,2260,0.7,5,10
5,57,0.7,5,10
0,3724121,0.7,10,10
1,8585032,0.7,10,10
2,1656098,0.7,10,10
3,55737,0.7,10,10
4,342,0.7,10,10
0,1722156,0.9,1,10
1,2177881,0.9,1,10
2,2355776,0.9,1,10
3,2169789,0.9,1,10
4,1765815,0.9,1,10
5,1338956,0.9,1,10
6,982004,0.9,1,10
7,733563,0.9,1,10
8,571350,0.9,1,10
9,466358,0.9,1,10
10,391817,0.9,1,10
11,340839,0.9,1,10
12,304861,0.9,1,10
13,268669,0.9,1,10
14,243337,0.9,1,10
15,214452,0.9,1,10
16,194774,0.9,1,10
17,172034,0.9,1,10
18,152703,0.9,1,10
19,137217,0.9,1,10
20,122241,0.9,1,10
21,111334,0.9,1,10
22,99731,0.9,1,10
23,92161,0.9,1,10
24,86606,0.9,1,10
25,79976,0.9,1,10
26,71395,0.9,1,10
27,65680,0.9,1,10
28,59353,0.9,1,10
29,52550,0.9,1,10
30,45651,0.9,1,10
31,41594,0.9,1,10
32,37840,0.9,1,10
33,34742,0.9,1,10
34,30553,0.9,1,10
35,28745,0.9,1,10
36,27058,0.9,1,10
37,21712,0.9,1,10
38,20655,0.9,1,10
39,18182,0.9,1,10
40,17517,0.9,1,10
41,15360,0.9,1,10
42,12848,0.9,1,10
43,10984,0.9,1,10
44,9395,0.9,1,10
45,8433,0.9,1,10
46,7165,0.9,1,10
47,6349,0.9,1,10
48,5476,0.9,1,10
49,4596,0.9,1,10
50,4413,0.9,1,10
51,4359,0.9,1,10
52,4391,0.9,1,10
53,3349,0.9,1,10
54,3070,0.9,1,10
55,3399,0.9,1,10
56,3705,0.9,1,10
57,3926,0.9,1,10
58,3095,0.9,1,10
59,2969,0.9,1,10
60,2613,0.9,1,10
61,2590,0.9,1,10
62,2501,0.9,1,10
63,1790,0.9,1,10
64,1278,0.9,1,10
65,1283,0.9,1,10
66,716,0.9,1,10
67,670,0.9,1,10
68,452,0.9,1,10
69,474,0.9,1,10
70,446,0.9,1,10
71,550,0.9,1,10
72,437,0.9,1,10
73,346,0.9,1,10
74,420,0.9,1,10
75,564,0.9,1,10
76,836,0.9,1,10
77,649,0.9,1,10
78,524,0.9,1,10
79,577,0.9,1,10
80,556,0.9,1,10
81,539,0.9,1,10
82,265,0.9,1,10
83,209,0.9,1,10
84,306,0.9,1,10
85,275,0.9,1,10
86,222,0.9,1,10
87,116,0.9,1,10
88,47,0.9,1,10
0,1620446,0.9,2,10
1,3807423,0.9,2,10
2,5469763,0.9,2,10
3,4520208,0.9,2,10
4,2034376,0.9,2,10
5,496880,0.9,2,10
6,74710,0.9,2,10
7,9888,0.9,2,10
8,1253,0.9,2,10
9,13,0.9,2,10
0,1633093,0.9,5,10
1,5813194,0.9,5,10
2,6976786,0.9,5,10
3,3037321,0.9,5,10
4,492023,0.9,5,10
5,36141,0.9,5,10
6,3829,0.9,5,10
7,383,0.9,5,10
0,1566235,0.9,10,10
1,6993295,0.9,10,10
2,6654493,0.9,10,10
3,2407708,0.9,10,10
4,359639,0.9,10,10
5,29892,0.9,10,10
6,358,0.9,10,10
0,911504,0.95,1,10
1,1249350,0.95,1,10
2,1474841,0.95,1,10
3,1481253,0.95,1,10
4,1314639,0.95,1,10
5,1104422,0.95,1,10
6,889696,0.95,1,10
7,724724,0.95,1,10
8,608548,0.95,1,10
9,531046,0.95,1,10
10,476424,0.95,1,10
11,434482,0.95,1,10
12,402008,0.95,1,10
13,369381,0.95,1,10
14,348952,0.95,1,10
15,334683,0.95,1,10
16,320623,0.95,1,10
17,309404,0.95,1,10
18,286503,0.95,1,10
19,274176,0.95,1,10
20,260279,0.95,1,10
21,245536,0.95,1,10
22,230842,0.95,1,10
23,216224,0.95,1,10
24,208264,0.95,1,10
25,198354,0.95,1,10
26,191042,0.95,1,10
27,183686,0.95,1,10
28,172371,0.95,1,10
29,163787,0.95,1,10
30,157199,0.95,1,10
31,150087,0.95,1,10
32,147138,0.95,1,10
33,136465,0.95,1,10
34,128781,0.95,1,10
35,122527,0.95,1,10
36,116414,0.95,1,10
37,109113,0.95,1,10
38,105134,0.95,1,10
39,102247,0.95,1,10
40,100229,0.95,1,10
41,92264,0.95,1,10
42,87323,0.95,1,10
43,80859,0.95,1,10
44,78311,0.95,1,10
45,72640,0.95,1,10
46,70955,0.95,1,10
47,68067,0.95,1,10
48,62620,0.95,1,10
49,59580,0.95,1,10
50,53624,0.95,1,10
51,51343,0.95,1,10
52,47977,0.95,1,10
53,43880,0.95,1,10
54,39969,0.95,1,10
55,39079,0.95,1,10
56,34512,0.95,1,10
57,33170,0.95,1,10
58,31486,0.95,1,10
59,30020,0.95,1,10
60,30241,0.95,1,10
61,27692,0.95,1,10
62,25539,0.95,1,10
63,25551,0.95,1,10
64,23745,0.95,1,10
65,22583,0.95,1,10
66,21217,0.95,1,10
67,20260,0.95,1,10
68,20960,0.95,1,10
69,19971,0.95,1,10
70,19978,0.95,1,10
71,18123,0.95,1,10
72,17247,0.95,1,10
73,14840,0.95,1,10
74,15591,0.95,1,10
75,13631,0.95,1,10
76,12802,0.95,1,10
77,12965,0.95,1,10
78,12896,0.95,1,10
79,12217,0.95,1,10
80,13391,0.95,1,10
81,12805,0.95,1,10
82,13147,0.95,1,10
83,12358,0.95,1,10
84,12589,0.95,1,10
85,12267,0.95,1,10
86,11409,0.95,1,10
87,10693,0.95,1,10
88,10709,0.95,1,10
89,10140,0.95,1,10
90,9675,0.95,1,10
91,8575,0.95,1,10
92,7812,0.95,1,10
93,6125,0.95,1,10
94,5327,0.95,1,10
95,4396,0.95,1,10
96,4335,0.95,1,10
97,3264,0.95,1,10
98,3157,0.95,1,10
99,2604,0.95,1,10
100,2684,0.95,1,10
101,2638,0.95,1,10
102,2430,0.95,1,10
103,2087,0.95,1,10
104,2598,0.95,1,10
105,2327,0.95,1,10
106,2158,0.95,1,10
107,1979,0.95,1,10
108,1712,0.95,1,10
109,1918,0.95,1,10
110,1822,0.95,1,10
111,1635,0.95,1,10
112,1944,0.95,1,10
113,1664,0.95,1,10
114,1627,0.95,1,10
115,1992,0.95,1,10
116,2031,0.95,1,10
117,1761,0.95,1,10
118,1553,0.95,1,10
119,1718,0.95,1,10
120,1698,0.95,1,10
121,1598,0.95,1,10
122,1583,0.95,1,10
123,1457,0.95,1,10
124,1500,0.95,1,10
125,1277,0.95,1,10
126,898,0.95,1,10
127,1252,0.95,1,10
128,1263,0.95,1,10
129,1091,0.95,1,10
130,1032,0.95,1,10
131,1538,0.95,1,10
132,1580,0.95,1,10
133,1100,0.95,1,10
134,1090,0.95,1,10
135,1242,0.95,1,10
136,1382,0.95,1,10
137,1556,0.95,1,10
138,1378,0.95,1,10
139,1181,0.95,1,10
140,1012,0.95,1,10
141,806,0.95,1,10
142,921,0.95,1,10
143,563,0.95,1,10
144,793,0.95,1,10
145,551,0.95,1,10
146,743,0.95,1,10
147,714,0.95,1,10
148,660,0.95,1,10
149,794,0.95,1,10
150,776,0.95,1,10
151,909,0.95,1,10
152,976,0.95,1,10
153,959,0.95,1,10
154,804,0.95,1,10
155,729,0.95,1,10
156,556,0.95,1,10
157,429,0.95,1,10
158,519,0.95,1,10
159,395,0.95,1,10
160,209,0.95,1,10
161,170,0.95,1,10
162,61,0.95,1,10
163,43,0.95,1,10
0,829724,0.95,2,10
1,2356606,0.95,2,10
2,4377488,0.95,2,10
3,5030565,0.95,2,10
4,3623269,0.95,2,10
5,1713505,0.95,2,10
6,647424,0.95,2,10
7,250752,0.95,2,10
8,113912,0.95,2,10
9,51559,0.95,2,10
10,25248,0.95,2,10
11,12270,0.95,2,10
12,4909,0.95,2,10
13,2093,0.95,2,10
14,883,0.95,2,10
15,83,0.95,2,10
0,878858,0.95,5,10
1,3768746,0.95,5,10
2,6561025,0.95,5,10
3,5144676,0.95,5,10
4,2002801,0.95,5,10
5,456157,0.95,5,10
6,101465,0.95,5,10
7,39593,0.95,5,10
8,17085,0.95,5,10
9,11307,0.95,5,10
10,4784,0.95,5,10
11,1231,0.95,5,10
12,32,0.95,5,10
0,825477,0.95,10,10
1,4442953,0.95,10,10
2,6560326,0.95,10,10
3,4675838,0.95,10,10
4,1722931,0.95,10,10
5,450562,0.95,10,10
6,178909,0.95,10,10
7,84726,0.95,10,10
8,34326,0.95,10,10
9,16836,0.95,10,10
10,10062,0.95,10,10
11,5098,0.95,10,10
12,1670,0.95,10,10
13,266,0.95,10,10
0,215849,0.99,1,10
1,317341,0.99,1,10
2,411028,0.99,1,10
3,443066,0.99,1,10
4,427336,0.99,1,10
5,384872,0.99,1,10
6,330948,0.99,1,10
7,282929,0.99,1,10
8,249453,0.99,1,10
9,232337,0.99,1,10
10,217293,0.99,1,10
11,207720,0.99,1,10
12,197871,0.99,1,10
13,193338,0.99,1,10
14,188626,0.99,1,10
15,185135,0.99,1,10
16,182706,0.99,1,10
17,174653,0.99,1,10
18,171849,0.99,1,10
19,166523,0.99,1,10
20,169426,0.99,1,10
21,167771,0.99,1,10
22,166592,0.99,1,10
23,165277,0.99,1,10
24,161524,0.99,1,10
25,156791,0.99,1,10
26,158511,0.99,1,10
27,158268,0.99,1,10
28,152756,0.99,1,10
29,149600,0.99,1,10
30,147421,0.99,1,10
31,146470,0.99,1,10
32,144693,0.99,1,10
33,143926,0.99,1,10
34,139886,0.99,1,10
35,138129,0.99,1,10
36,135127,0.99,1,10
37,133227,0.99,1,10
38,132247,0.99,1,10
39,130950,0.99,1,10
40,129574,0.99,1,10
41,131092,0.99,1,10
42,127917,0.99,1,10
43,126540,0.99,1,10
44,125179,0.99,1,10
45,120955,0.99,1,10
46,118516,0.99,1,10
47,119219,0.99,1,10
48,115585,0.99,1,10
49,115780,0.99,1,10
50,115105,0.99,1,10
51,114336,0.99,1,10
52,115610,0.99,1,10
53,114780,0.99,1,10
54,114420,0.99,1,10
55,109024,0.99,1,10
56,112106,0.99,1,10
57,110933,0.99,1,10
58,109225,0.99,1,10
59,108071,0.99,1,10
60,107821,0.99,1,10
61,105271,0.99,1,10
62,104174,0.99,1,10
63,100598,0.99,1,10
64,102475,0.99,1,10
65,99008,0.99,1,10
66,94850,0.99,1,10
67,94399,0.99,1,10
68,92918,0.99,1,10
69,95092,0.99,1,10
70,90800,0.99,1,10
71,92609,0.99,1,10
72,93470,0.99,1,10
73,91569,0.99,1,10
74,91064,0.99,1,10
75,86491,0.99,1,10
76,83966,0.99,1,10
77,79536,0.99,1,10
78,81132,0.99,1,10
79,81254,0.99,1,10
80,81196,0.99,1,10
81,82137,0.99,1,10
82,81843,0.99,1,10
83,79821,0.99,1,10
84,76872,0.99,1,10
85,76053,0.99,1,10
86,74719,0.99,1,10
87,71025,0.99,1,10
88,70751,0.99,1,10
89,68515,0.99,1,10
90,64667,0.99,1,10
91,62449,0.99,1,10
92,62111,0.99,1,10
93,63558,0.99,1,10
94,62942,0.99,1,10
95,63537,0.99,1,10
96,64166,0.99,1,10
97,65016,0.99,1,10
98,63286,0.99,1,10
99,63565,0.99,1,10
100,63891,0.99,1,10
101,62497,0.99,1,10
102,61894,0.99,1,10
103,60560,0.99,1,10
104,60372,0.99,1,10
105,61682,0.99,1,10
106,62807,0.99,1,10
107,60599,0.99,1,10
108,61543,0.99,1,10
109,63828,0.99,1,10
110,64267,0.99,1,10
111,63863,0.99,1,10
112,61942,0.99,1,10
113,61603,0.99,1,10
114,60164,0.99,1,10
115,62011,0.99,1,10
116,60173,0.99,1,10
117,60010,0.99,1,10
118,60258,0.99,1,10
119,61174,0.99,1,10
120,59793,0.99,1,10
121,59041,0.99,1,10
122,57537,0.99,1,10
123,57423,0.99,1,10
124,58792,0.99,1,10
125,57326,0.99,1,10
126,56098,0.99,1,10
127,57048,0.99,1,10
128,56317,0.99,1,10
129,59766,0.99,1,10
130,58994,0.99,1,10
131,59010,0.99,1,10
132,58547,0.99,1,10
133,58091,0.99,1,10
134,57797,0.99,1,10
135,56511,0.99,1,10
136,53694,0.99,1,10
137,54343,0.99,1,10
138,52091,0.99,1,10
139,50656,0.99,1,10
140,47659,0.99,1,10
141,44863,0.99,1,10
142,43000,0.99,1,10
143,42590,0.99,1,10
144,41950,0.99,1,10
145,42395,0.99,1,10
146,44904,0.99,1,10
147,43602,0.99,1,10
148,42591,0.99,1,10
149,39805,0.99,1,10
150,39145,0.99,1,10
151,36890,0.99,1,10
152,35009,0.99,1,10
153,34299,0.99,1,10
154,34799,0.99,1,10
155,32886,0.99,1,10
156,33028,0.99,1,10
157,33138,0.99,1,10
158,32942,0.99,1,10
159,33968,0.99,1,10
160,33198,0.99,1,10
161,32655,0.99,1,10
162,31193,0.99,1,10
163,31491,0.99,1,10
164,29822,0.99,1,10
165,28872,0.99,1,10
166,28145,0.99,1,10
167,28120,0.99,1,10
168,27630,0.99,1,10
169,25922,0.99,1,10
170,25364,0.99,1,10
171,23028,0.99,1,10
172,21555,0.99,1,10
173,20566,0.99,1,10
174,20875,0.99,1,10
175,21724,0.99,1,10
176,22192,0.99,1,10
177,22114,0.99,1,10
178,20593,0.99,1,10
179,21501,0.99,1,10
180,20975,0.99,1,10
181,20854,0.99,1,10
182,20596,0.99,1,10
183,22952,0.99,1,10
184,23231,0.99,1,10
185,25266,0.99,1,10
186,24814,0.99,1,10
187,24988,0.99,1,10
188,24588,0.99,1,10
189,24762,0.99,1,10
190,24352,0.99,1,10
191,24460,0.99,1,10
192,25714,0.99,1,10
193,25240,0.99,1,10
194,25746,0.99,1,10
195,24124,0.99,1,10
196,23569,0.99,1,10
197,24081,0.99,1,10
198,22196,0.99,1,10
199,23100,0.99,1,10
200,22742,0.99,1,10
201,22101,0.99,1,10
202,21432,0.99,1,10
203,21679,0.99,1,10
204,21728,0.99,1,10
205,21578,0.99,1,10
206,19882,0.99,1,10
207,19122,0.99,1,10
208,18446,0.99,1,10
209,18296,0.99,1,10
210,18543,0.99,1,10
211,18082,0.99,1,10
212,18692,0.99,1,10
213,19019,0.99,1,10
214,16791,0.99,1,10
215,17529,0.99,1,10
216,17622,0.99,1,10
217,17021,0.99,1,10
218,17041,0.99,1,10
219,17542,0.99,1,10
220,17553,0.99,1,10
221,19721,0.99,1,10
222,18416,0.99,1,10
223,17003,0.99,1,10
224,17904,0.99,1,10
225,18236,0.99,1,10
226,17419,0.99,1,10
227,16253,0.99,1,10
228,14850,0.99,1,10
229,14957,0.99,1,10
230,16548,0.99,1,10
231,16367,0.99,1,10
232,16688,0.99,1,10
233,17692,0.99,1,10
234,18225,0.99,1,10
235,18312,0.99,1,10
236,17563,0.99,1,10
237,17965,0.99,1,10
238,18155,0.99,1,10
239,17832,0.99,1,10
240,18152,0.99,1,10
241,17859,0.99,1,10
242,18571,0.99,1,10
243,17199,0.99,1,10
244,16540,0.99,1,10
245,15208,0.99,1,10
246,14716,0.99,1,10
247,15114,0.99,1,10
248,14577,0.99,1,10
249,15754,0.99,1,10
250,15345,0.99,1,10
251,15702,0.99,1,10
252,16246,0.99,1,10
253,15279,0.99,1,10
254,14058,0.99,1,10
255,14180,0.99,1,10
256,13886,0.99,1,10
257,14000,0.99,1,10
258,13973,0.99,1,10
259,12638,0.99,1,10
260,12723,0.99,1,10
261,13525,0.99,1,10
262,12982,0.99,1,10
263,13112,0.99,1,10
264,12967,0.99,1,10
265,13675,0.99,1,10
266,13364,0.99,1,10
267,13024,0.99,1,10
268,12509,0.99,1,10
269,12981,0.99,1,10
270,12619,0.99,1,10
271,12179,0.99,1,10
272,12296,0.99,1,10
273,12075,0.99,1,10
274,12212,0.99,1,10
275,12199,0.99,1,10
276,12722,0.99,1,10
277,12867,0.99,1,10
278,13094,0.99,1,10
279,13253,0.99,1,10
280,13403,0.99,1,10
281,13843,0.99,1,10
282,12350,0.99,1,10
283,12845,0.99,1,10
284,11057,0.99,1,10
285,11061,0.99,1,10
286,10296,0.99,1,10
287,10441,0.99,1,10
288,9650,0.99,1,10
289,8764,0.99,1,10
290,8656,0.99,1,10
291,9399,0.99,1,10
292,9573,0.99,1,10
293,9582,0.99,1,10
294,9387,0.99,1,10
295,8151,0.99,1,10
296,7694,0.99,1,10
297,7867,0.99,1,10
298,8607,0.99,1,10
299,7799,0.99,1,10
300,8487,0.99,1,10
301,8193,0.99,1,10
302,7750,0.99,1,10
303,8149,0.99,1,10
304,8524,0.99,1,10
305,8958,0.99,1,10
306,8520,0.99,1,10
307,7646,0.99,1,10
308,7145,0.99,1,10
309,7440,0.99,1,10
310,8442,0.99,1,10
311,8425,0.99,1,10
312,7893,0.99,1,10
313,8341,0.99,1,10
314,8314,0.99,1,10
315,8038,0.99,1,10
316,8430,0.99,1,10
317,7705,0.99,1,10
318,7132,0.99,1,10
319,7332,0.99,1,10
320,7486,0.99,1,10
321,7672,0.99,1,10
322,7056,0.99,1,10
323,7390,0.99,1,10
324,7045,0.99,1,10
325,7689,0.99,1,10
326,7647,0.99,1,10
327,7373,0.99,1,10
328,6899,0.99,1,10
329,6855,0.99,1,10
330,5765,0.99,1,10
331,4726,0.99,1,10
332,4547,0.99,1,10
333,4494,0.99,1,10
334,4012,0.99,1,10
335,4222,0.99,1,10
336,3567,0.99,1,10
337,3344,0.99,1,10
338,3636,0.99,1,10
339,3568,0.99,1,10
340,3562,0.99,1,10
341,3401,0.99,1,10
342,2614,0.99,1,10
343,2245,0.99,1,10
344,2238,0.99,1,10
345,1679,0.99,1,10
346,1962,0.99,1,10
347,1507,0.99,1,10
348,1307,0.99,1,10
349,1624,0.99,1,10
350,1655,0.99,1,10
351,1533,0.99,1,10
352,1406,0.99,1,10
353,1198,0.99,1,10
354,1345,0.99,1,10
355,1220,0.99,1,10
356,844,0.99,1,10
357,608,0.99,1,10
358,453,0.99,1,10
359,321,0.99,1,10
360,388,0.99,1,10
361,511,0.99,1,10
362,471,0.99,1,10
363,469,0.99,1,10
364,462,0.99,1,10
365,459,0.99,1,10
366,317,0.99,1,10
367,158,0.99,1,10
368,181,0.99,1,10
369,321,0.99,1,10
370,400,0.99,1,10
371,386,0.99,1,10
372,329,0.99,1,10
373,357,0.99,1,10
374,391,0.99,1,10
375,401,0.99,1,10
376,307,0.99,1,10
377,261,0.99,1,10
378,187,0.99,1,10
379,164,0.99,1,10
380,133,0.99,1,10
381,157,0.99,1,10
382,158,0.99,1,10
383,106,0.99,1,10
384,157,0.99,1,10
385,228,0.99,1,10
386,658,0.99,1,10
387,603,0.99,1,10
388,901,0.99,1,10
389,790,0.99,1,10
390,775,0.99,1,10
391,688,0.99,1,10
392,840,0.99,1,10
393,791,0.99,1,10
394,738,0.99,1,10
395,773,0.99,1,10
396,563,0.99,1,10
397,825,0.99,1,10
398,611,0.99,1,10
399,477,0.99,1,10
400,466,0.99,1,10
401,345,0.99,1,10
402,276,0.99,1,10
403,395,0.99,1,10
404,464,0.99,1,10
405,313,0.99,1,10
406,345,0.99,1,10
407,237,0.99,1,10
408,193,0.99,1,10
409,159,0.99,1,10
410,65,0.99,1,10
411,20,0.99,1,10
412,35,0.99,1,10
413,98,0.99,1,10
414,186,0.99,1,10
415,249,0.99,1,10
416,106,0.99,1,10
417,43,0.99,1,10
418,31,0.99,1,10
419,42,0.99,1,10
420,54,0.99,1,10
421,132,0.99,1,10
422,99,0.99,1,10
423,125,0.99,1,10
424,204,0.99,1,10
425,357,0.99,1,10
426,430,0.99,1,10
427,534,0.99,1,10
428,740,0.99,1,10
429,874,0.99,1,10
430,892,0.99,1,10
431,1052,0.99,1,10
432,1222,0.99,1,10
433,1014,0.99,1,10
434,1111,0.99,1,10
435,824,0.99,1,10
436,756,0.99,1,10
437,983,0.99,1,10
438,1104,0.99,1,10
439,1023,0.99,1,10
440,563,0.99,1,10
441,564,0.99,1,10
442,513,0.99,1,10
443,379,0.99,1,10
444,389,0.99,1,10
445,394,0.99,1,10
446,302,0.99,1,10
447,308,0.99,1,10
448,482,0.99,1,10
449,318,0.99,1,10
450,300,0.99,1,10
451,407,0.99,1,10
452,545,0.99,1,10
453,653,0.99,1,10
454,559,0.99,1,10
455,398,0.99,1,10
456,445,0.99,1,10
457,297,0.99,1,10
458,149,0.99,1,10
459,416,0.99,1,10
460,529,0.99,1,10
461,459,0.99,1,10
462,347,0.99,1,10
463,206,0.99,1,10
464,125,0.99,1,10
465,144,0.99,1,10
466,109,0.99,1,10
467,132,0.99,1,10
468,307,0.99,1,10
469,214,0.99,1,10
470,231,0.99,1,10
471,288,0.99,1,10
472,311,0.99,1,10
473,345,0.99,1,10
474,319,0.99,1,10
475,385,0.99,1,10
476,271,0.99,1,10
477,230,0.99,1,10
478,214,0.99,1,10
479,128,0.99,1,10
480,52,0.99,1,10
481,71,0.99,1,10
482,180,0.99,1,10
483,125,0.99,1,10
484,241,0.99,1,10
485,212,0.99,1,10
486,397,0.99,1,10
487,354,0.99,1,10
488,318,0.99,1,10
489,185,0.99,1,10
490,132,0.99,1,10
491,157,0.99,1,10
492,102,0.99,1,10
493,64,0.99,1,10
494,65,0.99,1,10
495,65,0.99,1,10
496,33,0.99,1,10
497,18,0.99,1,10
498,6,0.99,1,10
0,133526,0.99,2,10
1,475962,0.99,2,10
2,1183651,0.99,2,10
3,1940313,0.99,2,10
4,2174423,0.99,2,10
5,1851339,0.99,2,10
6,1375610,0.99,2,10
7,1041649,0.99,2,10
8,813544,0.99,2,10
9,662540,0.99,2,10
10,566065,0.99,2,10
11,503847,0.99,2,10
12,460118,0.99,2,10
13,427177,0.99,2,10
14,396004,0.99,2,10
15,377482,0.99,2,10
16,359805,0.99,2,10
17,331323,0.99,2,10
18,302039,0.99,2,10
19,280654,0.99,2,10
20,267858,0.99,2,10
21,260975,0.99,2,10
22,270977,0.99,2,10
23,286217,0.99,2,10
24,289493,0.99,2,10
25,278518,0.99,2,10
26,259086,0.99,2,10
27,235744,0.99,2,10
28,209531,0.99,2,10
29,175645,0.99,2,10
30,146348,0.99,2,10
31,122046,0.99,2,10
32,116554,0.99,2,10
33,112905,0.99,2,10
34,108826,0.99,2,10
35,108916,0.99,2,10
36,106060,0.99,2,10
37,100030,0.99,2,10
38,83360,0.99,2,10
39,74210,0.99,2,10
40,72901,0.99,2,10
41,70754,0.99,2,10
42,62203,0.99,2,10
43,46188,0.99,2,10
44,33577,0.99,2,10
45,34231,0.99,2,10
46,41398,0.99,2,10
47,47953,0.99,2,10
48,44603,0.99,2,10
49,37637,0.99,2,10
50,28022,0.99,2,10
51,21418,0.99,2,10
52,15675,0.99,2,10
53,8524,0.99,2,10
54,3297,0.99,2,10
55,1047,0.99,2,10
56,122,0.99,2,10
0,218290,0.99,5,10
1,1139855,0.99,5,10
2,2869006,0.99,5,10
3,3868324,0.99,5,10
4,3096904,0.99,5,10
5,1928277,0.99,5,10
6,1232734,0.99,5,10
7,879551,0.99,5,10
8,721610,0.99,5,10
9,594835,0.99,5,10
10,490465,0.99,5,10
11,414923,0.99,5,10
12,357560,0.99,5,10
13,297086,0.99,5,10
14,254092,0.99,5,10
15,225876,0.99,5,10
16,176540,0.99,5,10
17,146274,0.99,5,10
18,129238,0.99,5,10
19,96750,0.99,5,10
20,73938,0.99,5,10
21,65113,0.99,5,10
22,57405,0.99,5,10
23,48058,0.99,5,10
24,41641,0.99,5,10
25,39477,0.99,5,10
26,34381,0.99,5,10
27,31138,0.99,5,10
28,33730,0.99,5,10
29,36808,0.99,5,10
30,37698,0.99,5,10
31,24815,0.99,5,10
32,22320,0.99,5,10
33,22947,0.99,5,10
34,23127,0.99,5,10
35,25164,0.99,5,10
36,16523,0.99,5,10
37,8827,0.99,5,10
38,2725,0.99,5,10
39,225,0.99,5,10
0,172327,0.99,10,10
1,1128381,0.99,10,10
2,2598391,0.99,10,10
3,3520706,0.99,10,10
4,2764712,0.99,10,10
5,1676820,0.99,10,10
6,1130159,0.99,10,10
7,842226,0.99,10,10
8,706970,0.99,10,10
9,621020,0.99,10,10
10,552837,0.99,10,10
11,481897,0.99,10,10
12,436620,0.99,10,10
13,411651,0.99,10,10
14,368223,0.99,10,10
15,291863,0.99,10,10
16,230877,0.99,10,10
17,197354,0.99,10,10
18,166657,0.99,10,10
19,160068,0.99,10,10
20,150769,0.99,10,10
21,146658,0.99,10,10
22,119352,0.99,10,10
23,92861,0.99,10,10
24,92646,0.99,10,10
25,100291,0.99,10,10
26,101966,0.99,10,10
27,104249,0.99,10,10
28,91153,0.99,10,10
29,79451,0.99,10,10
30,68690,0.99,10,10
31,62817,0.99,10,10
32,53385,0.99,10,10
33,38791,0.99,10,10
34,28456,0.99,10,10
35,12154,0.99,10,10
36,4724,0.99,10,10
37,538,0.99,10,10
0,4749506,0.5,1,10
1,2876880,0.5,1,10
2,1421223,0.5,1,10
3,610151,0.5,1,10
4,228366,0.5,1,10
5,78938,0.5,1,10
6,25200,0.5,1,10
7,7996,0.5,1,10
8,2345,0.5,1,10
9,834,0.5,1,10
10,243,0.5,1,10
11,42,0.5,1,10
12,11,0.5,1,10
13,13,0.5,1,10
14,2,0.5,1,10
0,4649281,0.5,2,10
1,3943951,0.5,2,10
2,1285165,0.5,2,10
3,128695,0.5,2,10
4,4015,0.5,2,10
5,33,0.5,2,10
0,4575932,0.5,5,10
1,5050380,0.5,5,10
2,381452,0.5,5,10
3,1026,0.5,5,10
0,4540912,0.5,10,10
1,5320649,0.5,10,10
2,160085,0.5,10,10
3,254,0.5,10,10
0,3997462,0.7,1,10
1,3602981,0.7,1,10
2,2723440,0.7,1,10
3,1764105,0.7,1,10
4,988895,0.7,1,10
5,499694,0.7,1,10
6,231137,0.7,1,10
7,102704,0.7,1,10
8,45601,0.7,1,10
9,20865,0.7,1,10
10,9380,0.7,1,10
11,4653,0.7,1,10
12,2858,0.7,1,10
13,1487,0.7,1,10
14,752,0.7,1,10
15,431,0.7,1,10
16,194,0.7,1,10
17,89,0.7,1,10
18,83,0.7,1,10
19,53,0.7,1,10
20,15,0.7,1,10
21,9,0.7,1,10
22,2,0.7,1,10
0,3872642,0.7,2,10
1,5279772,0.7,2,10
2,3626232,0.7,2,10
3,1101206,0.7,2,10
4,132568,0.7,2,10
5,5881,0.7,2,10
6,110,0.7,2,10
7,19,0.7,2,10
0,3797626,0.7,5,10
1,7581438,0.7,5,10
2,2478263,0.7,5,10
3,133863,0.7,5,10
4,2143,0.7,5,10
5,57,0.7,5,10
0,3724195,0.7,10,10
1,8585180,0.7,10,10
2,1655674,0.7,10,10
3,55949,0.7,10,10
4,332,0.7,10,10
0,1723267,0.9,1,10
1,2235506,0.9,1,10
2,2533563,0.9,1,10
3,2449593,0.9,1,10
4,2057422,0.9,1,10
5,1585266,0.9,1,10
6,1151819,0.9,1,10
7,831402,0.9,1,10
8,590822,0.9,1,10
9,432973,0.9,1,10
10,329409,0.9,1,10
11,258618,0.9,1,10
12,207862,0.9,1,10
13,170960,0.9,1,10
14,148694,0.9,1,10
15,130746,0.9,1,10
16,116524,0.9,1,10
17,102663,0.9,1,10
18,93760,0.9,1,10
19,83948,0.9,1,10
20,74646,0.9,1,10
21,68002,0.9,1,10
22,63742,0.9,1,10
23,59203,0.9,1,10
24,53604,0.9,1,10
25,47021,0.9,1,10
26,42113,0.9,1,10
27,37429,0.9,1,10
28,34296,0.9,1,10
29,30683,0.9,1,10
30,28430,0.9,1,10
31,24201,0.9,1,10
32,20472,0.9,1,10
33,18705,0.9,1,10
34,16534,0.9,1,10
35,15416,0.9,1,10
36,14215,0.9,1,10
37,13889,0.9,1,10
38,11854,0.9,1,10
39,9927,0.9,1,10
40,8452,0.9,1,10
41,7534,0.9,1,10
42,6634,0.9,1,10
43,5725,0.9,1,10
44,5254,0.9,1,10
45,4080,0.9,1,10
46,4327,0.9,1,10
47,3831,0.9,1,10
48,3504,0.9,1,10
49,4036,0.9,1,10
50,3741,0.9,1,10
51,3098,0.9,1,10
52,2808,0.9,1,10
53,2511,0.9,1,10
54,2454,0.9,1,10
55,2243,0.9,1,10
56,2345,0.9,1,10
57,1920,0.9,1,10
58,1971,0.9,1,10
59,1912,0.9,1,10
60,1527,0.9,1,10
61,1026,0.9,1,10
62,729,0.9,1,10
63,613,0.9,1,10
64,295,0.9,1,10
65,453,0.9,1,10
66,343,0.9,1,10
67,288,0.9,1,10
68,479,0.9,1,10
69,600,0.9,1,10
70,572,0.9,1,10
71,487,0.9,1,10
72,688,0.9,1,10
73,636,0.9,1,10
74,1047,0.9,1,10
75,634,0.9,1,10
76,458,0.9,1,10
77,324,0.9,1,10
78,266,0.9,1,10
79,156,0.9,1,10
80,113,0.9,1,10
81,49,0.9,1,10
82,13,0.9,1,10
83,15,0.9,1,10
0,1619907,0.9,2,10
1,3837454,0.9,2,10
2,5532772,0.9,2,10
3,4541736,0.9,2,10
4,2004097,0.9,2,10
5,442915,0.9,2,10
6,52883,0.9,2,10
7,3024,0.9,2,10
8,182,0.9,2,10
0,1633374,0.9,5,10
1,5831659,0.9,5,10
2,6997165,0.9,5,10
3,3030641,0.9,5,10
4,468931,0.9,5,10
5,29874,0.9,5,10
6,1063,0.9,5,10
7,63,0.9,5,10
0,1566168,0.9,10,10
1,6990295,0.9,10,10
2,6672343,0.9,10,10
3,2422641,0.9,10,10
4,342390,0.9,10,10
5,17661,0.9,10,10
6,122,0.9,10,10
0,911314,0.95,1,10
1,1292941,0.95,1,10
2,1619073,0.95,1,10
3,1738686,0.95,1,10
4,1648652,0.95,1,10
5,1414459,0.95,1,10
6,1148468,0.95,1,10
7,905646,0.95,1,10
8,714094,0.95,1,10
9,582588,0.95,1,10
10,482365,0.95,1,10
11,405581,0.95,1,10
12,360560,0.95,1,10
13,323463,0.95,1,10
14,295615,0.95,1,10
15,272894,0.95,1,10
16,252527,0.95,1,10
17,233118,0.95,1,10
18,219381,0.95,1,10
19,206972,0.95,1,10
20,200262,0.95,1,10
21,188491,0.95,1,10
22,178988,0.95,1,10
23,168608,0.95,1,10
24,161405,0.95,1,10
25,153894,0.95,1,10
26,146824,0.95,1,10
27,144696,0.95,1,10
28,139332,0.95,1,10
29,133236,0.95,1,10
30,125285,0.95,1,10
31,116920,0.95,1,10
32,112709,0.95,1,10
33,108769,0.95,1,10
34,101046,0.95,1,10
35,94109,0.95,1,10
36,88578,0.95,1,10
37,82058,0.95,1,10
38,81756,0.95,1,10
39,80076,0.95,1,10
40,75299,0.95,1,10
41,69973,0.95,1,10
42,66463,0.95,1,10
43,62467,0.95,1,10
44,58276,0.95,1,10
45,54702,0.95,1,10
46,49101,0.95,1,10
47,47388,0.95,1,10
48,44469,0.95,1,10
49,42473,0.95,1,10
50,39484,0.95,1,10
51,35136,0.95,1,10
52,34403,0.95,1,10
53,32176,0.95,1,10
54,29850,0.95,1,10
55,27344,0.95,1,10
56,27496,0.95,1,10
57,26430,0.95,1,10
58,24786,0.95,1,10
59,23811,0.95,1,10
60,23237,0.95,1,10
61,22671,0.95,1,10
62,20834,0.95,1,10
63,18389,0.95,1,10
64,17644,0.95,1,10
65,17960,0.95,1,10
66,18493,0.95,1,10
67,17209,0.95,1,10
68,16034,0.95,1,10
69,14929,0.95,1,10
70,14805,0.95,1,10
71,13128,0.95,1,10
72,12339,0.95,1,10
73,11876,0.95,1,10
74,12206,0.95,1,10
75,12535,0.95,1,10
76,13466,0.95,1,10
77,13144,0.95,1,10
78,12758,0.95,1,10
79,12909,0.95,1,10
80,12412,0.95,1,10
81,11473,0.95,1,10
82,10929,0.95,1,10
83,10335,0.95,1,10
84,10730,0.95,1,10
85,9672,0.95,1,10
86,8285,0.95,1,10
87,7412,0.95,1,10
88,6292,0.95,1,10
89,5733,0.95,1,10
90,4823,0.95,1,10
91,4091,0.95,1,10
92,3531,0.95,1,10
93,2954,0.95,1,10
94,3167,0.95,1,10
95,2818,0.95,1,10
96,2466,0.95,1,10
97,2254,0.95,1,10
98,2095,0.95,1,10
99,1636,0.95,1,10
100,1702,0.95,1,10
101,1651,0.95,1,10
102,1604,0.95,1,10
103,1519,0.95,1,10
104,1879,0.95,1,10
105,2084,0.95,1,10
106,2402,0.95,1,10
107,2151,0.95,1,10
108,1922,0.95,1,10
109,1590,0.95,1,10
110,1723,0.95,1,10
111,1714,0.95,1,10
112,1428,0.95,1,10
113,1755,0.95,1,10
114,1478,0.95,1,10
115,1293,0.95,1,10
116,1492,0.95,1,10
117,1449,0.95,1,10
118,1938,0.95,1,10
119,1643,0.95,1,10
120,1638,0.95,1,10
121,1638,0.95,1,10
122,1578,0.95,1,10
123,1199,0.95,1,10
124,1178,0.95,1,10
125,1321,0.95,1,10
126,1294,0.95,1,10
127,1277,0.95,1,10
128,1240,0.95,1,10
129,905,0.95,1,10
130,997,0.95,1,10
131,1296,0.95,1,10
132,1159,0.95,1,10
133,1260,0.95,1,10
134,1050,0.95,1,10
135,942,0.95,1,10
136,804,0.95,1,10
137,902,0.95,1,10
138,962,0.95,1,10
139,918,0.95,1,10
140,1013,0.95,1,10
141,612,0.95,1,10
142,636,0.95,1,10
143,678,0.95,1,10
144,572,0.95,1,10
145,807,0.95,1,10
146,616,0.95,1,10
147,744,0.95,1,10
148,797,0.95,1,10
149,808,0.95,1,10
150,479,0.95,1,10
151,615,0.95,1,10
152,732,0.95,1,10
153,391,0.95,1,10
154,363,0.95,1,10
155,265,0.95,1,10
156,244,0.95,1,10
157,58,0.95,1,10
158,55,0.95,1,10
159,63,0.95,1,10
160,7,0.95,1,10
0,827901,0.95,2,10
1,2410014,0.95,2,10
2,4563489,0.95,2,10
3,5299126,0.95,2,10
4,3715918,0.95,2,10
5,1603528,0.95,2,10
6,466986,0.95,2,10
7,115063,0.95,2,10
8,28486,0.95,2,10
9,7617,0.95,2,10
10,1993,0.95,2,10
11,271,0.95,2,10
12,92,0.95,2,10
13,16,0.95,2,10
0,879104,0.95,5,10
1,3780929,0.95,5,10
2,6653384,0.95,5,10
3,5277368,0.95,5,10
4,1976416,0.95,5,10
5,355128,0.95,5,10
6,51491,0.95,5,10
7,12160,0.95,5,10
8,1790,0.95,5,10
0,824673,0.95,10,10
1,4447776,0.95,10,10
2,6646798,0.95,10,10
3,4841360,0.95,10,10
4,1743475,0.95,10,10
5,388713,0.95,10,10
6,89836,0.95,10,10
7,22115,0.95,10,10
8,4510,0.95,10,10
9,734,0.95,10,10
0,216051,0.99,1,10
1,330348,0.99,1,10
2,459021,0.99,1,10
3,540684,0.99,1,10
4,562512,0.99,1,10
5,531269,0.99,1,10
6,465339,0.99,1,10
7,394786,0.99,1,10
8,330217,0.99,1,10
9,288557,0.99,1,10
10,253488,0.99,1,10
11,230619,0.99,1,10
12,206031,0.99,1,10
13,192120,0.99,1,10
14,179285,0.99,1,10
15,174061,0.99,1,10
16,169541,0.99,1,10
17,166800,0.99,1,10
18,165535,0.99,1,10
19,162580,0.99,1,10
20,159433,0.99,1,10
21,159426,0.99,1,10
22,156625,0.99,1,10
23,152929,0.99,1,10
24,148356,0.99,1,10
25,145550,0.99,1,10
26,142745,0.99,1,10
27,144749,0.99,1,10
28,143967,0.99,1,10
29,140339,0.99,1,10
30,135920,0.99,1,10
31,134230,0.99,1,10
32,131689,0.99,1,10
33,133089,0.99,1,10
34,134843,0.99,1,10
35,131292,0.99,1,10
36,129939,0.99,1,10
37,126282,0.99,1,10
38,123715,0.99,1,10
39,122159,0.99,1,10
40,120663,0.99,1,10
41,120570,0.99,1,10
42,118370,0.99,1,10
43,118749,0.99,1,10
44,115831,0.99,1,10
45,113746,0.99,1,10
46,112968,0.99,1,10
47,113812,0.99,1,10
48,113134,0.99,1,10
49,112970,0.99,1,10
50,113455,0.99,1,10
51,111966,0.99,1,10
52,111014,0.99,1,10
53,107220,0.99,1,10
54,107511,0.99,1,10
55,105769,0.99,1,10
56,106705,0.99,1,10
57,105992,0.99,1,10
58,104006,0.99,1,10
59,103344,0.99,1,10
60,99409,0.99,1,10
61,94958,0.99,1,10
62,94391,0.99,1,10
63,92338,0.99,1,10
64,92279,0.99,1,10
65,92266,0.99,1,10
66,95247,0.99,1,10
67,93611,0.99,1,10
68,90420,0.99,1,10
69,88790,0.99,1,10
70,86793,0.99,1,10
71,85964,0.99,1,10
72,84257,0.99,1,10
73,84802,0.99,1,10
74,80532,0.99,1,10
75,80007,0.99,1,10
76,79606,0.99,1,10
77,79487,0.99,1,10
78,80794,0.99,1,10
79,77655,0.99,1,10
80,78453,0.99,1,10
81,72960,0.99,1,10
82,71321,0.99,1,10
83,67598,0.99,1,10
84,67559,0.99,1,10
85,65502,0.99,1,10
86,62814,0.99,1,10
87,64287,0.99,1,10
88,63154,0.99,1,10
89,65603,0.99,1,10
90,66025,0.99,1,10
91,65494,0.99,1,10
92,64314,0.99,1,10
93,62204,0.99,1,10
94,63083,0.99,1,10
95,62782,0.99,1,10
96,61877,0.99,1,10
97,61527,0.99,1,10
98,63040,0.99,1,10
99,61593,0.99,1,10
100,59567,0.99,1,10
101,60857,0.99,1,10
102,60644,0.99,1,10
103,61005,0.99,1,10
104,60298,0.99,1,10
105,60778,0.99,1,10
106,60067,0.99,1,10
107,62341,0.99,1,10
108,62199,0.99,1,10
109,63828,0.99,1,10
110,62933,0.99,1,10
111,62889,0.99,1,10
112,64984,0.99,1,10
113,62041,0.99,1,10
114,59093,0.99,1,10
115,59080,0.99,1,10
116,57326,0.99,1,10
117,58407,0.99,1,10
118,57787,0.99,1,10
119,56719,0.99,1,10
120,55405,0.99,1,10
121,55181,0.99,1,10
122,57169,0.99,1,10
123,58022,0.99,1,10
124,60323,0.99,1,10
125,58015,0.99,1,10
126,57533,0.99,1,10
127,57262,0.99,1,10
128,55709,0.99,1,10
129,56572,0.99,1,10
130,56391,0.99,1,10
131,54855,0.99,1,10
132,53282,0.99,1,10
133,51653,0.99,1,10
134,52057,0.99,1,10
135,48958,0.99,1,10
136,49397,0.99,1,10
137,46583,0.99,1,10
138,43932,0.99,1,10
139,42649,0.99,1,10
140,41480,0.99,1,10
141,43554,0.99,1,10
142,42069,0.99,1,10
143,39411,0.99,1,10
144,39965,0.99,1,10
145,39654,0.99,1,10
146,38210,0.99,1,10
147,36666,0.99,1,10
148,34656,0.99,1,10
149,32560,0.99,1,10
150,32087,0.99,1,10
151,31604,0.99,1,10
152,33387,0.99,1,10
153,34536,0.99,1,10
154,33731,0.99,1,10
155,31344,0.99,1,10
156,33475,0.99,1,10
157,32603,0.99,1,10
158,29774,0.99,1,10
159,27421,0.99,1,10
160,26543,0.99,1,10
161,26747,0.99,1,10
162,28139,0.99,1,10
163,27920,0.99,1,10
164,27147,0.99,1,10
165,25710,0.99,1,10
166,24831,0.99,1,10
167,22510,0.99,1,10
168,20211,0.99,1,10
169,20326,0.99,1,10
170,20657,0.99,1,10
171,20561,0.99,1,10
172,21218,0.99,1,10
173,22391,0.99,1,10
174,22605,0.99,1,10
175,21456,0.99,1,10
176,20913,0.99,1,10
177,20899,0.99,1,10
178,23066,0.99,1,10
179,22914,0.99,1,10
180,22372,0.99,1,10
181,24300,0.99,1,10
182,25142,0.99,1,10
183,25511,0.99,1,10
184,26420,0.99,1,10
185,25750,0.99,1,10
186,25268,0.99,1,10
187,23603,0.99,1,10
188,23470,0.99,1,10
189,24332,0.99,1,10
190,25087,0.99,1,10
191,26038,0.99,1,10
192,25177,0.99,1,10
193,24068,0.99,1,10
194,22465,0.99,1,10
195,23586,0.99,1,10
196,23767,0.99,1,10
197,23468,0.99,1,10
198,22549,0.99,1,10
199,21120,0.99,1,10
200,20448,0.99,1,10
201,20567,0.99,1,10
202,19216,0.99,1,10
203,18822,0.99,1,10
204,16927,0.99,1,10
205,16578,0.99,1,10
206,16781,0.99,1,10
207,17358,0.99,1,10
208,17449,0.99,1,10
209,17455,0.99,1,10
210,17644,0.99,1,10
211,17229,0.99,1,10
212,18038,0.99,1,10
213,18665,0.99,1,10
214,17864,0.99,1,10
215,18087,0.99,1,10
216,19556,0.99,1,10
217,18526,0.99,1,10
218,18260,0.99,1,10
219,18263,0.99,1,10
220,17845,0.99,1,10
221,16215,0.99,1,10
222,16068,0.99,1,10
223,15686,0.99,1,10
224,16300,0.99,1,10
225,15993,0.99,1,10
226,16786,0.99,1,10
227,17039,0.99,1,10
228,17469,0.99,1,10
229,18464,0.99,1,10
230,18032,0.99,1,10
231,17984,0.99,1,10
232,17123,0.99,1,10
233,17096,0.99,1,10
234,17677,0.99,1,10
235,18480,0.99,1,10
236,18921,0.99,1,10
237,17478,0.99,1,10
238,17750,0.99,1,10
239,17032,0.99,1,10
240,16102,0.99,1,10
241,14231,0.99,1,10
242,14038,0.99,1,10
243,14040,0.99,1,10
244,15193,0.99,1,10
245,15563,0.99,1,10
246,15698,0.99,1,10
247,14673,0.99,1,10
248,13792,0.99,1,10
249,14233,0.99,1,10
250,13511,0.99,1,10
251,14118,0.99,1,10
252,14197,0.99,1,10
253,13992,0.99,1,10
254,14036,0.99,1,10
255,13211,0.99,1,10
256,12343,0.99,1,10
257,13001,0.99,1,10
258,13534,0.99,1,10
259,13364,0.99,1,10
260,13546,0.99,1,10
261,12832,0.99,1,10
262,12107,0.99,1,10
263,11537,0.99,1,10
264,11784,0.99,1,10
265,13073,0.99,1,10
266,12571,0.99,1,10
267,11492,0.99,1,10
268,13951,0.99,1,10
269,13297,0.99,1,10
270,12968,0.99,1,10
271,13270,0.99,1,10
272,14099,0.99,1,10
273,14014,0.99,1,10
274,13691,0.99,1,10
275,13159,0.99,1,10
276,12919,0.99,1,10
277,12492,0.99,1,10
278,12368,0.99,1,10
279,11355,0.99,1,10
280,10896,0.99,1,10
281,10201,0.99,1,10
282,9481,0.99,1,10
283,10009,0.99,1,10
284,9196,0.99,1,10
285,9384,0.99,1,10
286,9577,0.99,1,10
287,8954,0.99,1,10
288,8649,0.99,1,10
289,8542,0.99,1,10
290,8034,0.99,1,10
291,8355,0.99,1,10
292,8887,0.99,1,10
293,8723,0.99,1,10
294,8555,0.99,1,10
295,8063,0.99,1,10
296,7973,0.99,1,10
297,8546,0.99,1,10
298,8514,0.99,1,10
299,8268,0.99,1,10
300,8326,0.99,1,10
301,7873,0.99,1,10
302,7846,0.99,1,10
303,7876,0.99,1,10
304,7832,0.99,1,10
305,7610,0.99,1,10
306,7832,0.99,1,10
307,7136,0.99,1,10
308,6548,0.99,1,10
309,7525,0.99,1,10
310,7648,0.99,1,10
311,7963,0.99,1,10
312,7749,0.99,1,10
313,8016,0.99,1,10
314,8074,0.99,1,10
315,8439,0.99,1,10
316,8863,0.99,1,10
317,8209,0.99,1,10
318,7334,0.99,1,10
319,8130,0.99,1,10
320,7652,0.99,1,10
321,7278,0.99,1,10
322,7421,0.99,1,10
323,6524,0.99,1,10
324,5931,0.99,1,10
325,5552,0.99,1,10
326,5106,0.99,1,10
327,5102,0.99,1,10
328,4883,0.99,1,10
329,4389,0.99,1,10
330,3733,0.99,1,10
331,3249,0.99,1,10
332,3712,0.99,1,10
333,3389,0.99,1,10
334,2977,0.99,1,10
335,3256,0.99,1,10
336,2892,0.99,1,10
337,2480,0.99,1,10
338,2206,0.99,1,10
339,1762,0.99,1,10
340,1888,0.99,1,10
341,1233,0.99,1,10
342,1355,0.99,1,10
343,1572,0.99,1,10
344,1656,0.99,1,10
345,1584,0.99,1,10
346,1819,0.99,1,10
347,1848,0.99,1,10
348,1162,0.99,1,10
349,1161,0.99,1,10
350,858,0.99,1,10
351,777,0.99,1,10
352,610,0.99,1,10
353,737,0.99,1,10
354,680,0.99,1,10
355,550,0.99,1,10
356,466,0.99,1,10
357,454,0.99,1,10
358,313,0.99,1,10
359,242,0.99,1,10
360,347,0.99,1,10
361,251,0.99,1,10
362,304,0.99,1,10
363,241,0.99,1,10
364,304,0.99,1,10
365,332,0.99,1,10
366,382,0.99,1,10
367,332,0.99,1,10
368,280,0.99,1,10
369,420,0.99,1,10
370,267,0.99,1,10
371,301,0.99,1,10
372,319,0.99,1,10
373,143,0.99,1,10
374,161,0.99,1,10
375,117,0.99,1,10
376,189,0.99,1,10
377,235,0.99,1,10
378,208,0.99,1,10
379,320,0.99,1,10
380,344,0.99,1,10
381,543,0.99,1,10
382,534,0.99,1,10
383,744,0.99,1,10
384,989,0.99,1,10
385,843,0.99,1,10
386,744,0.99,1,10
387,780,0.99,1,10
388,796,0.99,1,10
389,462,0.99,1,10
390,578,0.99,1,10
391,481,0.99,1,10
392,410,0.99,1,10
393,505,0.99,1,10
394,738,0.99,1,10
395,685,0.99,1,10
396,543,0.99,1,10
397,454,0.99,1,10
398,482,0.99,1,10
399,330,0.99,1,10
400,279,0.99,1,10
401,274,0.99,1,10
402,284,0.99,1,10
403,217,0.99,1,10
404,184,0.99,1,10
405,119,0.99,1,10
406,116,0.99,1,10
407,132,0.99,1,10
408,132,0.99,1,10
409,182,0.99,1,10
410,102,0.99,1,10
411,64,0.99,1,10
412,16,0.99,1,10
413,51,0.99,1,10
414,99,0.99,1,10
415,131,0.99,1,10
416,98,0.99,1,10
417,96,0.99,1,10
418,169,0.99,1,10
419,113,0.99,1,10
420,277,0.99,1,10
421,472,0.99,1,10
422,844,0.99,1,10
423,756,0.99,1,10
424,710,0.99,1,10
425,693,0.99,1,10
426,1157,0.99,1,10
427,880,0.99,1,10
428,884,0.99,1,10
429,1018,0.99,1,10
430,876,0.99,1,10
431,873,0.99,1,10
432,836,0.99,1,10
433,861,0.99,1,10
434,853,0.99,1,10
435,911,0.99,1,10
436,992,0.99,1,10
437,837,0.99,1,10
438,665,0.99,1,10
439,684,0.99,1,10
440,449,0.99,1,10
441,496,0.99,1,10
442,209,0.99,1,10
443,186,0.99,1,10
444,190,0.99,1,10
445,206,0.99,1,10
446,317,0.99,1,10
447,376,0.99,1,10
448,451,0.99,1,10
449,609,0.99,1,10
450,526,0.99,1,10
451,484,0.99,1,10
452,445,0.99,1,10
453,297,0.99,1,10
454,170,0.99,1,10
455,125,0.99,1,10
456,339,0.99,1,10
457,500,0.99,1,10
458,344,0.99,1,10
459,371,0.99,1,10
460,274,0.99,1,10
461,273,0.99,1,10
462,337,0.99,1,10
463,490,0.99,1,10
464,474,0.99,1,10
465,338,0.99,1,10
466,346,0.99,1,10
467,136,0.99,1,10
468,153,0.99,1,10
469,91,0.99,1,10
470,12,0.99,1,10
471,12,0.99,1,10
472,20,0.99,1,10
473,35,0.99,1,10
474,104,0.99,1,10
475,138,0.99,1,10
476,85,0.99,1,10
477,115,0.99,1,10
478,120,0.99,1,10
479,165,0.99,1,10
480,305,0.99,1,10
481,267,0.99,1,10
482,234,0.99,1,10
483,209,0.99,1,10
484,369,0.99,1,10
485,347,0.99,1,10
486,206,0.99,1,10
487,67,0.99,1,10
488,18,0.99,1,10
489,40,0.99,1,10
490,33,0.99,1,10
491,79,0.99,1,10
492,53,0.99,1,10
493,28,0.99,1,10
494,41,0.99,1,10
495,23,0.99,1,10
496,10,0.99,1,10
0,133449,0.99,2,10
1,508981,0.99,2,10
2,1344086,0.99,2,10
3,2350353,0.99,2,10
4,2767508,0.99,2,10
5,2352538,0.99,2,10
6,1644367,0.99,2,10
7,1117207,0.99,2,10
8,798843,0.99,2,10
9,616589,0.99,2,10
10,516990,0.99,2,10
11,447756,0.99,2,10
12,387965,0.99,2,10
13,330048,0.99,2,10
14,297466,0.99,2,10
15,275600,0.99,2,10
16,258405,0.99,2,10
17,265372,0.99,2,10
18,287017,0.99,2,10
19,299996,0.99,2,10
20,289381,0.99,2,10
21,268677,0.99,2,10
22,245127,0.99,2,10
23,212898,0.99,2,10
24,179434,0.99,2,10
25,146547,0.99,2,10
26,128314,0.99,2,10
27,114811,0.99,2,10
28,111141,0.99,2,10
29,110039,0.99,2,10
30,108767,0.99,2,10
31,106853,0.99,2,10
32,95564,0.99,2,10
33,84806,0.99,2,10
34,76435,0.99,2,10
35,72867,0.99,2,10
36,70828,0.99,2,10
37,59785,0.99,2,10
38,47509,0.99,2,10
39,36221,0.99,2,10
40,35086,0.99,2,10
41,39250,0.99,2,10
42,43485,0.99,2,10
43,42554,0.99,2,10
44,38146,0.99,2,10
45,31204,0.99,2,10
46,22402,0.99,2,10
47,12702,0.99,2,10
48,5380,0.99,2,10
49,2406,0.99,2,10
50,651,0.99,2,10
51,104,0.99,2,10
0,218923,0.99,5,10
1,1165734,0.99,5,10
2,3020152,0.99,5,10
3,4326625,0.99,5,10
4,3759100,0.99,5,10
5,2327261,0.99,5,10
6,1377645,0.99,5,10
7,883932,0.99,5,10
8,615843,0.99,5,10
9,441470,0.99,5,10
10,327459,0.99,5,10
11,239510,0.99,5,10
12,173637,0.99,5,10
13,140769,0.99,5,10
14,116044,0.99,5,10
15,78657,0.99,5,10
16,64120,0.99,5,10
17,55580,0.99,5,10
18,45315,0.99,5,10
19,42122,0.99,5,10
20,43179,0.99,5,10
21,32697,0.99,5,10
22,28347,0.99,5,10
23,35429,0.99,5,10
24,40220,0.99,5,10
25,38241,0.99,5,10
26,22861,0.99,5,10
27,19584,0.99,5,10
28,26647,0.99,5,10
29,27563,0.99,5,10
30,21603,0.99,5,10
31,16307,0.99,5,10
32,9183,0.99,5,10
33,2369,0.99,5,10
34,182,0.99,5,10
0,171710,0.99,10,10
1,1137073,0.99,10,10
2,2717003,0.99,10,10
3,3991176,0.99,10,10
4,3380323,0.99,10,10
5,2073421,0.99,10,10
6,1357145,0.99,10,10
7,985899,0.99,10,10
8,740726,0.99,10,10
9,568403,0.99,10,10
10,413502,0.99,10,10
11,326863,0.99,10,10
12,226571,0.99,10,10
13,184350,0.99,10,10
14,170483,0.99,10,10
15,167749,0.99,10,10
16,155820,0.99,10,10
17,122543,0.99,10,10
18,100411,0.99,10,10
19,91866,0.99,10,10
20,94449,0.99,10,10
21,100793,0.99,10,10
22,102614,0.99,10,10
23,89254,0.99,10,10
24,77355,0.99,10,10
25,61920,0.99,10,10
26,63187,0.99,10,10
27,63128,0.99,10,10
28,35351,0.99,10,10
29,22226,0.99,10,10
30,11883,0.99,10,10
31,3719,0.99,10,10
32,214,0.99,10,10
